Region,COVID Infection Rate per 100 000,COVID Mortality Rate per 100 000,Case fatality rate,Overall Mortality rate per 100 000,Male Life Expectancy,Female Life Expectancy,Under 75 mortality rate from all causes,Suicide rate,KSI on roads,Hosp Adm Self Harm,Hip fractures > 65,Cancer Diagnosis,DM diagnosis rate,Dementia Dx,Admission episodes for alcohol-specific conditions - Under 18s,Physical Active,Overweight or obese,"Under 18s conception rate / 1,000",Smoking status at delivery,Breastfeeding initiation,Infant mortality rate,Year 6: Prevalence of obesity (including severe obesity),Deprivation score,Children in low income families (under 16s),Average Attainment 8 score,% in employment,Homelessness,Violent crime,Excess winter deaths,"New STI diagnoses (exc chlamydia aged <25) / 100,000"
Adur,"4,391.80",130.6,0.029737238,,81.44,83.48,289.9807,9.9799,51.2652,259.69,572.17,55.6314,88.3597,58.8,51.68,69.0048,65.7943,12.1951,10.9315,,2.1108,16.3,18.275,14.4,47.5,86.2,0.3505,28.66,9.7506,590.655
Allerdale,"4,996.90",269,0.053833377,,79.59,82.3,340.6576,14.3692,60.3486,209.08,599.6,49.7727,81.076,69.5,45.98,69.5459,60.2868,19.437,16.0597,62.8603,3.5728,22.2,22.55,13.3,47.1,83.9,0.6717,23.44,7.5823,623.6331
Amber Valley,"6,508.20",250.5,0.038489905,,80.13,83.17,302.8047,9.3648,37.3318,214.55,524.61,49.3097,78.8834,68.4,20.94,70.3563,65.7669,16.1458,13.4783,68.6533,5.3733,18.4,18.116,15.1,47.3,79.9,,30.24,9.6203,579.2284
Arun,"4,934.70",201.5,0.040833283,,80,83.69,309.3856,11.4286,46.4314,328.85,599.95,53.0522,78.677,65.9,41.15,73.3688,65.5467,15.1854,10.9315,76.4145,4.0303,19.3,17.671,13.2,44.2,77.8,1.1069,54.63,15.0183,538.2622
Ashfield,"7,180.40",276,0.03843797,,78.38,81.68,390.9036,7.9702,32.4974,221.03,588.67,36.8217,85.2865,82.4,50.24,65.4229,68.7751,20.1276,17.1135,63.1165,4.068,22.7,18.116,21.1,42.7,79.4,0.111,,25.0331,697.324
Ashford,"7,368.20",281.5,0.038204718,,80.56,84.1,296.2178,6.9715,56.1972,149.83,566.42,53.9519,74.8278,56.8,16.99,63.081,62.4976,15.3584,13.2983,76.2774,3.6289,21.8,17.333,15.5,46.7,81.7,0.3601,24.66,22.1458,550.694
Aylesbury Vale,"5,569.90",,,,,,,,32.4797,142.45,509.09,48.1233,,68.3,18.44,67.9261,62.9228,7.9559,7.3577,80.9747,,,11.175,9.8,50.2,80.9,0.4161,29.06,,
Babergh,"4,076.70",241.2,0.059165502,,81.76,85.22,238.4622,10.2605,44.79,232.38,568.22,54.9587,67.5959,66.4,18.95,68.7281,66.2833,5.8518,8.7154,,1.8108,15.7,15.148,11.3,45.6,74.4,,16.93,8.9172,354.3772
Barking and Dagenham,"10,804.30",243.3,0.022518812,,78.06,82.34,403.9755,6.0663,37.0175,77.46,693.66,52.8986,85.9088,62.7,10.63,46.6618,72.7133,20.2652,6.9868,73.6303,3.5894,29,34.635,22.5,47.3,71.1,2.1875,51.38,25.5689,1057.3722
Barnet,"7,497.90",228.4,0.030461863,,82.87,85.99,230.8476,6.7076,30.7716,98.78,459.69,53.0207,73.7277,73,18.21,59.4292,55.2278,8.2069,4.0479,90.8835,2.6843,20.6,17.813,14,55.7,75.1,0.6347,34.76,13.2563,1177.6122
Barnsley,"7,015.10",294.9,0.04203789,,77.82,81.78,392.9481,10.7235,59.0392,333.33,595.73,43.7941,82.3781,70.3,49.74,64.2652,65.7551,26.2809,14.6156,55.594,2.9751,19.4,29.568,21.9,44.5,73.5,0.1968,75.58,17.6622,521.9731
Barrow-in-Furness,"6,191",293.8,0.047455984,,77.68,81.45,406.6732,16.8911,43.7165,376.27,589.53,52.2436,78.4085,77.6,112.71,66.6371,69.3666,20.8136,9.6307,48.771,3.271,25.5,31.4,16.6,44.5,63.6,,55.1,21.8962,569.9657
Basildon,"9,291.20",299.1,0.032191751,,79.35,83.08,336.2036,11.1685,39.2095,246.9,619.79,50.7824,80.4517,63.8,15.7,66.4789,59.6816,18.2986,9.9193,68.0186,3.2362,22.1,23.618,18.6,44.7,77.7,0.2183,48.29,13.3065,354.3772
Basingstoke and Deane,"4,477.20",169.9,0.037947825,,80.26,84.12,275.8118,5.3273,42.3946,245.64,603.74,51.5674,82.923,65,38.26,69.9465,61.5423,16.146,9.2249,78.7274,5.109,18.3,11.496,10.1,45.3,83.2,0.5504,33.06,22.439,772.3316
Bassetlaw,"6,449.90",200.1,0.031023737,,78.89,82.38,356.5235,16.9414,58.1809,210.94,627.88,48.0144,82.5888,80.5,21.66,67.0594,70.5955,14.9171,11.8289,64.207,4.3592,23.7,18.116,16.2,47.7,81.9,0.2015,45.02,19.8402,678.2689
Bath and North East Somerset,"4,156.60",140.7,0.033849781,,81.13,85.06,266.0896,10.3972,20.3168,216.02,456.21,51.1244,66.4686,63.2,46.86,75.6504,51.1279,13.0881,6.6345,85.8289,1.9755,,12.094,9.8,49.6,77.7,0.0781,24.66,12.3552,554.7631
Bedford,"7,565.30",281,0.037143273,,79.51,83.54,321.1948,10.8535,44.5329,217.4,559.87,56.8147,77.3869,69.1,21.19,67.7307,63.8641,19.8155,8.245,79.7235,4.8047,21,19.238,14.9,45.3,79.5,0.3422,58.23,18.7706,354.3772
Bexley,"8,805.50",244.5,0.027766737,,80.11,84.1,310.1933,8.9248,25.5969,88.15,571.61,49.3165,80.8164,68,11.77,64.4385,65.8746,13.8922,6.9871,,3.7449,22.8,16.17,16.3,47.7,77.4,0.6555,38.19,11.816,784.0571
Birmingham,"8,508.20",241.5,0.028384382,,77.85,82.35,402.1909,8.6588,40.6875,184.15,582.83,52.4171,80.3931,65.2,16.22,63.341,61.7009,19.1669,10.7043,71.0648,7.0139,25.5,37.768,27.6,45.5,64.6,0.9066,64.65,13.1267,1057.7813
Blaby,"6,571.70",202.9,0.030874812,,81.73,85.18,248.829,10.5096,28.963,94.83,585.15,51.5385,78.5188,71.2,,69.3981,64.8768,10.2302,8.6307,70.1245,2.1381,15.6,18.116,9.3,45.8,78.1,,25.24,24.8555,460.6018
Blackburn with Darwen,"11,546.70",287.2,0.024872907,,77.28,80.39,432.1573,8.3474,45.9316,247.92,644.85,48.4314,82.3191,71.7,38.92,61.599,64.289,21.7246,12.1567,75.3501,5.0033,22.2,34.189,20.7,46.4,68.4,,74.06,14.9045,530.6765
Blackpool,"6,430.40",309.1,0.048068549,,74.4,79.54,547.5426,15.8169,52.4296,378.84,722.37,41.8641,79.4296,79.3,52.13,63.2599,65.2289,36.9331,23.1176,59.169,6.4182,28.6,41.997,26.2,39.2,73.5,8.1308,88.51,14.2857,1265.0155
Bolsover,"7,089",274.3,0.038693751,,77.87,81.92,369.9531,8.3086,35.3991,279.68,713.05,44.8571,97.1563,79.1,53.1,65.5222,72.2141,20.9205,13.4783,65.1448,2.438,24.5,18.116,19.8,45.4,71.6,,45.93,3.3962,581.4067
Bolton,"8,536.60",252.1,0.029531664,,77.74,81.78,406.0562,11.201,29.493,204.21,607.06,57.0201,87.8943,75,47.07,61.6301,67.472,19.4073,12.3751,70.7221,5.8256,21.4,28.42,20.1,44.5,66.4,0.5568,52.86,7.9635,603.5938
Boston,"6,425.50",239.4,0.037257801,,78.07,82.28,387.3201,6.9292,74.4656,120.2,710,45.4225,87.2099,65.8,,58.2826,70.8056,19.981,19.8903,48.8861,2.1552,28.9,18.116,14.6,41.8,81.9,0.7275,38.44,26.3858,365.9996
Bournemouth,,,,,,,,,33.3758,,,54.6875,66.0944,,,,,,,86.0393,,,21.847,16.4,47.3,82,0.8322,,,
Bracknell Forest,"5,580.60",142.8,0.025588646,,81.74,85.42,273.6697,9.1041,21.8757,215.37,591.1,49.5169,81.3209,59.2,23.65,71.8452,60.7106,9.7584,6.5008,76.645,3.153,18.4,10.462,9.1,46.6,84.1,0.2404,36.1,20.3579,618.9114
Bradford,"8,391.40",220.6,0.02628882,,78.03,81.93,390.841,9.3527,34.3431,266.19,538.71,51.8132,85.0617,78.7,37.68,62.4076,65.6253,18.4233,14.1391,71.5068,6.094,27.5,33.168,23.2,43.3,66.2,0.4484,64.6,19.1676,576.9123
Braintree,"6,946.70",268,0.038579469,,80.12,83,296.6205,12.6334,53.403,147.23,646.6,56.259,75.9637,64.4,20.49,63.5529,65.099,11.6376,6.3986,70.8249,3.8618,19.4,15.313,12.4,45.1,77.7,0.0771,18.5,20.0859,354.3772
Breckland,"4,552.50",220.1,0.048347062,,79.99,84.14,285.7357,12.2684,54.5928,117.4,639.29,52.4962,78.5303,70.4,24.89,65.1686,67.8462,16.6163,12.0418,72.9502,2.7528,22.2,19.789,13.4,42.9,76.3,0.1374,18.76,10.4799,354.3772
Brent,"8,396.10",243.8,0.029037291,,81.35,85.49,288.2679,7.0707,38.995,55.2,363.21,53.1052,77.4743,70.9,8.63,56.3011,49.4748,11.9336,3.3964,89.6285,3.843,25.2,26.655,18,49.7,71,0.9681,61.03,18.1906,2180.8606
Brentwood,"8,830.10",309,0.034993941,,81.2,84.8,275.1261,14.1247,59.2012,124.89,490.67,54.3544,68.6124,67.8,,72.9384,54.4353,12.2982,9.9193,76.5625,1.9778,,9.881,10,51.7,79.1,,26.11,35.9801,354.3772
Brighton and Hove,"4,836.30",144,0.029774828,,79.1,83.17,363.7499,14.2517,56.9138,264.98,558.97,53.7879,60.7029,70.7,62.04,75.912,50.5392,12.6425,5.8923,88.2081,3.0184,14.8,23.441,15.7,47.9,75.8,0.8495,38.24,7.3913,1686.7229
Bristol,,,,,78.5,82.78,381.1656,11.4111,21.5568,306.54,534.93,52.6457,73.686,73.9,42.6,73.4876,54.8345,11.0506,9.6367,82.1484,2.9994,20.3,27.161,19.7,44,76.3,0.2363,62.14,11.7675,1167.3055
Broadland,"4,435.60",240.9,0.054310578,,81.55,85.21,242.8338,9.3058,40.4559,133.86,591.92,56.1431,72.8224,71.4,27.99,69.681,59.0344,12.1704,11.8559,77.1516,2.1186,17.7,11.065,8.9,48.2,86.2,,9.43,15.7534,354.3772
Bromley,"7,197.20",217.6,0.03023398,,81.61,85.06,255.6068,7.4363,31.4722,81.62,540.88,54.3546,66.1316,70.4,15.74,69.4677,65.7251,13.6653,5.1149,,2.3957,15.6,15.164,13.2,52.2,77.7,0.8672,27.8,9.291,881.2689
Bromsgrove,"6,051.20",251.3,0.041528953,,80.92,83.93,260.1305,7.3152,43.7185,166.41,564.43,52.0737,77.3837,67.2,25.48,69.8086,60.4077,8.447,11.9367,68.0736,6.4125,,11.071,10.2,49.9,81.1,,40.3,0.4354,489.6654
Broxbourne,"9,228.10",226.2,0.024512088,,80.34,84.9,291.5896,9.2335,28.5925,115.8,625.31,52.1531,74.8227,59.5,15.28,69.3452,64.1593,10.9184,8.2986,75.1313,2.4664,20.3,17.294,14.8,47.5,77.1,0.6247,48.95,19.6721,354.3772
Broxtowe,"5,934.20",248.2,0.041825351,,80.33,83,309.0775,7.2005,32.2338,174.24,660.8,57.9048,84.1526,82.1,15.48,71.3343,62.055,18.9036,11.7197,77.277,2.4992,17.9,18.116,13.5,48.7,79.9,0.1632,,16.7358,491.888
Burnley,"10,797.30",330.6,0.030618766,,76.02,80.75,463.3076,13.5462,53.9688,268.81,537.56,46.4481,83.8969,73.1,49.62,58.3591,70.9605,32.7749,15.4885,69.0034,6.9707,22,36.05,21.4,42.2,73.9,2.03,65.23,24.5902,683.4631
Bury,"8,643.90",279.1,0.032288666,,79.06,82.11,363.6218,9.2619,21.7971,220.34,595.22,54.1507,84.3226,82,27.11,65.6005,58.9565,22.6843,9.2394,71.416,4.1816,,21.769,14.7,44.8,75.2,2.2332,44.22,15.1744,613.3992
Calderdale,"6,395.70",149.4,0.023359445,,78.66,82.37,362.1262,14.7647,33.1019,175.84,546.45,46.9105,72.6526,65.2,36.16,68.3775,66.6482,16.681,,74.7338,4.6702,22,24.607,19.6,48.5,70.7,0.0749,60.73,10.944,738.5491
Cambridge,"4,345.40",100.2,0.023058867,,80.88,84.26,291.9778,12.2344,54.969,313.41,465.12,59.3176,60.9858,67.3,43.12,75.193,52.8094,13.4557,11.181,84.8447,4.6995,12.4,13.75,14.3,52.7,81.7,1.7503,44.67,8.7649,354.3772
Camden,"5,085.80",114.1,0.022435015,,83.27,87.1,280.7185,11.3437,50.9155,71.12,410.38,51.8587,56.2735,87.2,23.64,70.1399,41.6591,11.7678,3.5067,,3.0367,21.9,24.959,27.3,48.8,72.6,0.1253,42.92,5.6115,2019.3706
Cannock Chase,"6,800.20",269.9,0.039690009,,78.63,82.74,360.6916,13.3793,20.5126,285.55,523.54,54.717,88.6803,71.2,16.69,66.4493,70.0392,22.8609,14.132,58.8177,5.5249,21.4,20.931,16.6,43.2,90.6,0.4229,22.86,14.9079,550.4047
Canterbury,"5,939.20",280.5,0.047228583,,79.3,83.59,325.6148,14.0966,41.0319,150.64,593.72,52.4372,70.7343,69.5,28.3,75.5784,62.3101,10.6209,14.3981,77.5994,3.5336,17.4,16.876,16.5,46.1,72.7,4.0709,15.87,12.4145,770.1244
Carlisle,"7,468.90",311.9,0.041759831,,78.35,82.85,361.9683,11.8612,56.0307,254.53,556.96,47.6087,82.2327,68.8,23.42,62.3655,66.3544,19.1358,16.0597,63.6109,2.824,18.4,22.482,12.7,43.4,81.3,0.4232,34.1,2.5992,965.2857
Castle Point,"9,034.50",403.9,0.044706403,,80.15,83.53,303.0073,7.6288,40.8251,147.52,632.87,51.0823,83.7112,60.7,,61.3698,65.5951,16.1517,7.672,75.7021,1.1891,19.3,16.632,14.7,45.5,79.2,0.1861,35.91,20.8589,354.3772
Central Bedfordshire,"5,278.40",214.4,0.040618369,,81.06,84.56,283.712,7.9163,49.5185,163.04,526.07,56.8421,79.424,60,24.37,65.3098,62.9166,14.4642,8.245,76.9705,3.415,16.5,12.201,11.3,45.5,80.5,0.1197,31.9,10.6072,354.3772
Charnwood,"6,335.70",177.6,0.02803163,,80.76,83.81,290.9043,5.8583,27.903,114.08,790.29,47.5083,84.463,73.4,19.38,68.0006,65.5179,14.4231,10.3691,71.1111,5.0809,19.4,18.116,12.5,45.4,80.3,,24.3,5.3403,573.9291
Chelmsford,"6,970.20",231,0.033141086,,81.41,84.37,267.7017,14.6643,52.4044,149.88,551.46,56.3815,77.1579,56.6,8.93,71.4458,61.8764,13.5652,6.3986,77.551,2.2775,19.2,12.413,11.8,49.3,78.9,3.3031,28.52,22.5,354.3772
Cheltenham,"3,127.10",203.8,0.065172204,,80.57,83.75,306.3768,9.8117,30.1664,241.63,544.14,50.4444,69.3792,78.7,35.8,73.8738,56.9368,8.2685,10.9927,,1.6671,14.1,15.071,13.2,52,83.2,0.4531,30.77,5.5631,899.7949
Cherwell,"5,882.90",151.5,0.025752605,,81.22,84.03,283.2576,9.9069,48.1023,167.16,597.52,56.8144,71.5559,64.2,40.67,71.295,59.4054,8.7965,7.0886,80.9867,2.0549,19.9,12.611,10.1,47,84.5,0.3316,14.57,3.5806,665.6226
Cheshire East,"5,199.80",251.5,0.048367245,,80.29,84.09,290.7455,10.1789,45.0491,228.61,558.94,56.8086,75.3785,71.8,37.31,68.3467,64.9234,11.9304,11.0652,,3.4142,,14.132,10.2,49.4,81.5,0.6035,44.32,15.3339,572.5538
Cheshire West and Chester,"6,073.40",267.9,0.044110383,,80.07,83.32,323.604,8.4102,38.9562,209.08,515.41,52.225,79.9274,65.1,34.67,71.1142,65.4697,13.3669,11.6496,66.3025,3.0256,,18.086,12.7,47.5,77.8,0.2827,35,8.1253,541.5634
Chesterfield,"5,632",202.1,0.035884233,,78.24,81.79,382.0835,10.1863,32.1926,497.65,606.48,47.6695,88.6045,71.2,58.7,68.7083,66.9274,19.7817,13.4783,73.3691,2.574,20.3,18.116,19.6,44.5,64.3,0.8303,53.77,33.635,691.3633
Chichester,"3,897.50",232,0.059525337,,81.23,84.45,265.6651,10.7794,87.6376,246.7,507.96,54.5455,73.0668,59.9,45.49,77.702,59.248,12.8205,10.9315,,3.6851,15.2,12.994,11,45.4,83,0.7459,31.7,9.5023,655.8374
Chiltern,"4,296.90",,,,,,,,34.2579,140.17,494.52,50.2294,,66.9,37.6,75.3124,58.8222,6.3218,7.2846,86.741,,,6.719,7.3,60.2,81.7,,24.05,,
Chorley,"6,311.30",208.9,0.033099361,,78.89,82.41,343.8798,16.3993,43.7642,209.18,594.91,56.1674,72.9944,75.2,35.16,65.965,65.4241,23.9067,8.5799,68.9712,4.1128,19.5,17.41,11.2,50.4,76.8,0.3069,35.19,-4.5455,496.3248
Christchurch,,,,,,,,,35.6068,,,55.4007,71.1475,,,,,,,,,,12.547,12,48,82.6,0.2669,,,
Colchester,"5,639.30",188,0.033337471,,80.5,83.39,291.4006,18.457,48.2207,206.22,569.94,52.0685,69.9769,66.5,33.75,71.4246,60.0046,16.3352,12.846,82.0188,3.1061,18.4,16.941,14.7,48.5,72,0.2187,27.38,11.8511,354.3772
Copeland,"4,465.90",259.6,0.05812938,,78.78,81.69,367.2226,13.3871,56.7776,228.22,627.97,48.0132,90.8089,64.4,51.28,63.1005,67.5317,11.011,15.0597,59.2486,4.3644,22.9,25.949,14.4,45.5,71.2,,31.46,-1.4085,372.1996
Corby,"7,104.90",174.5,0.024560515,,77.52,80.82,406.0554,11.6563,33.5538,305.66,765.58,54.9645,79.4476,92.7,39.28,61.008,70.1015,25.4163,19.2609,73.7098,3.2074,24.6,18.116,17.3,42.1,84.5,,60.32,28.5285,466.0253
Cornwall,,,,,79.7,83.59,312.4821,12.709,53.2052,262.83,595.95,48.8973,65.9455,56.2,29.49,74.2197,64.7153,15.7236,13.3881,79.1185,3.6691,18.1,23.833,16.4,45.9,77.9,0.193,37.83,12.9984,537.9672
Cotswold,"2,785.40",156.9,0.056329432,,82.8,85.03,226.5011,10.5924,84.1818,196.88,420.24,55.6962,67.3709,58.3,20.72,77.3325,66.2729,9.7671,10.9927,,1.7521,16.8,11.176,8.6,51.9,82.8,1.3946,11.01,32.8358,447.4697
County Durham,"6,854.30",270.9,0.039522635,,78.33,78.03,379.704,13.4426,34.5643,195.82,603.3,49.326,86.1047,73.4,758.03,64.4149,63.2562,26.4247,16.7952,56.0368,3.2045,22.7,25.741,21.8,45.7,71.4,0.2206,63.05,13.3295,573.6728
Coventry,"6,107.30",153.2,0.025084735,,78.73,82.15,377.6442,10.5752,34.893,219.88,582.73,49.1071,75.8033,60,30.02,61.1462,62.8811,21.1803,10.6998,78.3215,4.4819,25.3,28.107,21.8,44,72.1,0.6462,55.16,22.5427,784.475
Craven,"4,676.10",241.5,0.051645602,,81.46,85.36,252.0713,8.8318,99.5218,240.28,406.31,50.8897,70.8558,68.9,,75.2487,64.6108,8.9087,12.3261,78.1022,2.9542,11.4,12.527,7.9,52,77.7,0.4755,22.22,16.4491,300.8333
Crawley,"6,851.80",181.5,0.02648939,,80.15,84.04,320.0688,7.5632,44.7772,195.96,557.56,52.7778,98.6816,66.3,18.56,60.8,63.8955,19.2199,8.4118,82.186,3.2376,20.3,17.833,14.9,42.4,81.3,1.0391,35.95,16.4502,1040.5079
Croydon,"7,837.90",244.6,0.031207339,,80.42,83.9,310.1469,9.5351,27.1977,97.58,486.46,54.6988,66.4358,70.8,21.13,62.065,62.9093,19.0616,6.1084,83.9692,4.3663,25.1,23.643,16.1,47.5,78.8,1.2149,53.93,8.7652,1567.7084
Dacorum,"5,312",220.3,0.041472139,,81.66,84.13,272.1573,8.8453,33.9169,125.52,547.43,58.0968,70.5978,64.3,19.3,73.2646,58.7723,11.4155,5.2579,74.948,3.1601,18.8,12.174,12.3,49.1,79.1,0.1858,26.93,15.912,354.3772
Darlington,"6,554.10",245.3,0.037426954,,78.81,78.12,374.0938,13.6464,42.6278,220.82,648.65,56.3745,85.9337,77,639.38,66.1161,64.1059,19.4575,16.3951,,3.6641,22.5,23.639,20,46.1,74.9,,49.57,26.3598,666.8788
Dartford,"8,961.30",258.4,0.028835102,,79.77,82.48,332.4126,10.58,60.4561,183.4,683.86,58.613,86.1329,63.1,13.01,69.1532,75.1071,23.5903,10.566,65.6106,4.2901,22.3,17.845,14,50.2,87.2,0.3181,44.27,16.8784,690.794
Daventry,"4,696.90",169.9,0.036172795,,80.84,83.72,293.4043,6.1804,70.9924,268.22,590.05,51.0086,72.6083,61.8,19.46,68.7233,61.5766,11.4367,13.1011,76.9521,3.864,15.5,18.116,9.9,47,80.9,0.5101,36.05,1.9694,496.2872
Derby,"7,533.60",281.4,0.03735266,,78.55,82.1,385.9501,7.9569,28.1415,274.37,541.23,45.8746,80.6444,75.6,16.77,69.2574,63.8001,19.496,13.4783,66.7466,5.4446,23.9,18.116,21,43.2,74.2,2.5487,48.66,19.0071,913.6066
Derbyshire Dales,"3,760.80",247.5,0.065810466,,81.43,85.27,243.7818,9.1474,70.5183,217.19,546.41,49.5146,69.1623,53.7,26.57,78.5056,56.3915,10.4439,13.4783,79.7005,2.1262,16.7,18.116,9.4,50.9,79.9,,33.31,8.6519,420.1286
Doncaster,"6,843.80",270.6,0.039539437,,78.33,81.69,391.0528,13.6754,63.0112,240.24,553.25,48.9247,87.1419,71.2,27.79,62.8453,69.6741,22.6291,16.9503,61.3067,3.7853,23.7,29.051,22.6,43.9,72.3,0.6531,71.98,16.8215,582.0233
Dover,"6,523.30",286.1,0.04385817,,79.62,82.81,335.6515,11.39,51.8121,133.39,572.13,54.7332,74.8048,62.2,21.93,68.6344,71.8129,16.19,17.9833,,5.8408,20.8,21.589,19.4,44.3,71.4,0.2754,23.09,12.4051,589.8207
Dudley,"7,988.30",238.8,0.02989372,,79.39,82.68,347.9697,10.5695,30.1589,189.64,628.98,54.7046,82.8271,62.3,29.09,59.5396,71.5467,19.3246,11.2606,55.2564,4.0999,26.9,22.958,20.7,44.6,73.8,3.6394,42.96,16.0839,515.6154
Ealing,"8,765.20",225.3,0.02570392,,81.1,84.77,308.5839,9.0728,38.6109,105.3,485.92,52.7748,79.0356,75.5,16.3,60.4328,57.622,10.5716,2.5113,90.2547,2.6638,23.5,23.585,16.9,52.2,74.5,2.8019,67.67,13.7449,1552.957
East Cambridgeshire,"3,190.10",119.1,0.037334253,,81.11,85.13,267.944,9.7786,67.1483,260.05,535.95,54.7009,85.0913,58.9,17,66.1637,62.1534,5.7803,11.181,,3.7064,13.8,12.108,9.1,47.7,81.5,0.6446,21.18,10.7692,354.3772
East Devon,"2,713.90",131.3,0.048380559,,81.23,85.41,255.7042,7.5119,58.3418,187.55,625.6,58.5025,75.241,65.3,45.75,78.8123,55.6531,11.3412,11.626,,2.8777,13.8,12.698,11.3,48.1,80.5,,15.08,18.0212,442.9263
East Dorset,,,,,,,,,52.955,,,51.7794,72.3648,,,,,,,,,,9.311,10.1,50.6,74.3,,,,
East Hampshire,"3,864",162.7,0.042106625,,81.43,84.97,257.318,11.5611,60.8639,209.42,487.45,51.9856,73.0972,71.1,20.37,73.1794,64.1106,8.1849,10.2253,82.9659,4.5998,14.8,8.609,8.1,50.7,84,,17.12,5.102,633.6563
East Hertfordshire,"5,358.30",161.6,0.030158819,,81.77,84.87,249.8926,8.9091,32.8619,73.85,458.95,56.9805,67.1391,56,15.27,72.8224,62.668,9.9655,8.2986,80.8456,2.7288,12.4,8.136,8.2,52.5,78.5,,26.95,22.865,354.3772
East Lindsey,"4,191.90",259.7,0.061952814,,78.14,82.13,384.6473,13.2588,83.7401,189.29,592.6,47.4214,85.1541,65.1,27.75,64.3012,64.6033,28.97,19.8903,47.0912,3.8359,22.3,18.116,22.1,44.6,63.3,,30.42,21.5751,371.0975
East Northamptonshire,"4,642.10",217.9,0.046939963,,80.56,83.44,290.5681,11.0574,41.8747,233.36,537.23,50.2415,83.0402,68.6,25,75.5726,66.7448,13.1187,12.8676,74.5182,3.6036,14.5,18.116,11.2,44.4,85.1,0.4211,24.09,19.4656,454.4669
East Riding of Yorkshire,"4,970.50",241.2,0.048526305,,80.35,83.83,292.8091,12.9538,63.0064,154.41,486.75,49.9386,82.7804,63.2,31.86,68.6599,63.8762,14.6444,13.611,,2.65,18.2,15.792,12.2,47.5,79.6,0.2974,32.61,15.285,409.0123
East Staffordshire,"7,640.70",343.2,0.044917351,,78.69,82.95,351.2683,11.1415,29.4905,213.97,619.92,46.3265,85.8364,63.2,26.08,64.479,63.4503,16.1535,10.6974,,6.2066,21.3,18.817,13.6,45.4,82.8,0.5423,32.17,18.6289,623.6367
Eastbourne,"6,246.10",321,0.051392069,,79.14,83.37,349.4031,15.4699,41.0004,,,49.8998,69.1326,72.8,,69.1836,65.842,22.5225,11.0143,79.0239,5.1975,,21.322,18.5,43.1,76.7,0.3987,,15.5447,942.142
Eastleigh,"4,136.70",145.2,0.035100442,,81.57,85.09,264.5182,9.1682,43.9343,251.58,541.88,55.477,72.881,63.2,41.79,68.4773,52.154,9.0304,8.8223,78.1315,4.4695,16,10.015,8.9,49.8,79.4,,27.15,10.1248,679.4785
Eden,"5,522.70",266.7,0.048291597,,82.34,85.44,239.4127,,100.4187,112.71,479.47,54.8387,71.9871,51.1,36.5,68.2736,54.482,11.7801,16.0597,82.1229,3.3333,16.2,15.411,8.4,45.5,88.7,,14.2,17.9012,359.6092
Elmbridge,"5,224.60",204.7,0.039180033,,82.9,85.65,225.0763,8.2461,56.2159,153.05,532.08,53.7453,60.6591,65.9,29.68,73.4016,55.5968,10.6339,7.134,,2.1445,12.3,7.527,8.1,54.4,75.6,,22.55,17.8788,635.9859
Enfield,"8,772.20",226.8,0.025854404,,80.95,84.72,291.1834,5.887,32.7618,72.16,416.12,55.2408,81.6672,88.4,15.83,67.3566,66.8073,19.1072,7.5715,83.4172,3.3576,27,26.994,22.2,46.7,69.6,0.6824,41.15,10.8696,1427.4276
Epping Forest,"9,302.20",297.7,0.032003182,,81.07,83.97,285.6159,5.0076,88.8372,77.87,618.53,53.7615,72.2846,80.9,18.26,67.3864,62.4203,10.6796,10.7268,,2.4737,19,15.263,12.1,46.9,80.2,0.4685,33.28,24.8991,354.3772
Epsom and Ewell,"6,318",267.9,0.042402659,,82.52,86.88,208.399,14.3548,35.6614,208.56,453.21,60.961,79.8228,62.3,45.62,68.4359,61.9928,13.6986,6.7642,86.4263,4.4927,15.9,8.544,7.8,55.7,85.6,,36.66,18.0791,576.3574
Erewash,"5,838.60",259.2,0.044394204,,79.5,83.38,324.3964,8.5811,27.4613,215.89,580.07,50.2049,81.4451,80.4,21.63,61.5552,68.5047,18.9125,13.4783,67.9024,5.6649,17.5,18.116,17.2,44.3,84.3,,,12.9213,665.1915
Exeter,"3,677.90",92.1,0.025041464,,78.86,83.83,343.2589,15.2503,31.8037,216.82,529.75,59.867,76.1592,70.8,37.54,75.1465,59.9332,15.7629,11.626,80.9825,4.3302,16.7,18.212,13.4,47.5,78.4,0.5741,23.54,10.3746,889.7872
Fareham,"4,353.30",249.5,0.057312843,,82.29,84.78,241.2149,7.6555,51.053,236.55,487.02,56.654,79.4534,66.9,30,66.9795,63.7302,13.3556,11.534,81.9795,3.7607,15.2,8.454,7,48.4,86,0.2037,9.86,15.2975,519.2373
Fenland,"4,958.30",213.1,0.04297844,,78.72,82.14,385.7265,11.9857,55.238,232.22,604.18,52.0921,85.3484,53.8,24.92,62.7731,71.4573,19.6576,11.181,65.3061,3.0893,20.5,25.362,18.2,42.3,67.8,0.2537,38.97,7.3713,354.3772
Folkestone & Hythe,,,,,79.27,82.85,343.3093,11.8695,60.1291,136.27,577.04,52.3979,75.0407,59.7,31.2,69.6022,66.9055,20.2082,18.492,75.9375,4.8828,22.1,22.821,20.2,43.7,83.3,2.7755,29.64,27.5862,588.1563
Forest Heath,,,,,,,,,39.6807,,,56.0166,74.6859,,,,,,,76.6537,,,18.016,13.6,45,81.1,,,,354.3772
Forest of Dean,"3,465.80",133.7,0.038576952,,80.75,83.93,279.2662,13.1392,43.0448,122.34,638.38,46.9453,79.5993,62.6,30.72,72.3376,62.5245,9.7834,10.9927,,2.2292,22,16.991,13.7,45.5,83.5,,14.53,9.622,392.655
Fylde,"5,684.60",312,0.054885128,,79.74,83.34,318.3479,8.5297,62.9784,160.8,568.2,50.3529,67.3817,64.1,47.53,70.5501,63.5157,14.5423,14.7294,75.3043,3.2751,15.8,14.375,11.7,46.8,82.7,0.3276,37.64,16.4634,742.8021
Gateshead,"6,563.60",235.1,0.035818758,,77.77,77.27,415.521,7.1844,30.6295,296.21,607.77,52.1739,80.0516,74.6,1045.06,59.2097,62.716,16.9271,12.7561,75.5941,3.961,24.9,25.932,20.9,46.3,73.4,0.9653,60.16,17.1185,734.9187
Gedling,"6,602.40",260.4,0.039440204,,80.47,83.14,285.3898,7.064,31.3048,150.39,600.35,48.6641,78.4364,64.8,28.31,62.8614,67.725,13.3556,12.6197,,3.2098,20,18.116,14.2,49.4,81.9,,,14.9931,617.4357
Gloucester,"4,838.60",206,0.042574298,,78.56,82.86,364.3247,9.7398,35.8942,268.13,603.4,50.4202,95.2747,76.9,34.52,63.639,62.2633,17.5689,10.9927,,4.6463,23.9,21.999,16.1,44.8,83.6,0.3141,35.55,5.474,808.2736
Gosport,"4,391.90",195.7,0.044559302,,79.09,83.08,347.3928,11.6369,38.9823,305.47,400.24,55.1813,89.5091,63.4,18.53,65.2983,71.2911,22.3776,11.534,71.3508,5.0174,22.4,20.613,15.5,40.3,71.2,,9.03,-6.338,664.3701
Gravesham,"9,437.20",282.4,0.02992413,,79.54,83.7,325.9744,13.0022,39.2634,178.8,578.56,50.6631,81.998,47.7,26.71,59.5038,65.1427,28.2392,10.566,66.6439,3.723,24,21.684,17.4,46.9,82,0.6186,48.27,16.6369,732.3539
Great Yarmouth,"5,428",227.5,0.041912307,,78.5,82.82,388.8674,7.2954,32.1877,209.79,626.84,49.5575,87.094,70.9,58.84,63.3411,67.2386,20.4756,17.9337,73.1385,3.5901,22.8,32.369,20.1,44.1,70.3,4.9208,29.05,14.6277,354.3772
Greenwich,"7,584.50",166,0.021886743,,79.6,83.42,346.0065,8.8779,29.8157,67.77,522.15,44.6701,78.5849,65.1,14.67,62.9311,60.8511,18.1775,8.778,82.4087,4.373,27.6,25.544,21.8,46.7,75.8,0.9082,48.04,14.5299,1686.3491
Guildford,"4,800.10",147.7,0.030770192,,82.49,85.66,235.967,9.3402,73.9854,223.33,473.3,48.9194,63.7399,62.2,34.11,77.0497,54.4533,12.0321,6.6589,,3.2218,12,9.392,9.4,51,81.6,,34.08,22.2405,691.524
Hackney,,,,,79.78,84.2,364.1767,8.2294,49.1672,73.82,418.05,57.1429,61.1992,71.2,15.55,67.7105,51.6542,16.3143,3.4309,92.1596,3.5338,27.4,35.28,24.7,49.3,71.1,0.8896,56.83,15.7746,3676.9277
Halton,"8,997",214.8,0.023874625,,77.39,81.66,411.6775,11.7126,27.1693,349.73,655.34,52.3179,95.2813,72.3,58.56,68.6488,70.5701,36.63,15.3153,54.5648,3.0247,25.7,31.943,19.6,45.8,77.4,5.4989,88.24,-2.0408,699.8867
Hambleton,"4,429.30",174.7,0.039441898,,81.8,84.75,257.5869,13.0561,70.1809,224.01,447.08,56.0268,68.7577,56.3,39.91,71.1328,62.1573,8.8692,8.2842,74.0278,1.8744,17.6,12.67,9.3,49.2,78,,21.34,18.2609,369.0243
Hammersmith and Fulham,"6,815.30",159.9,0.023461917,,79.77,84.74,341.6346,10.9582,52.2774,60.68,434.32,51.8887,56.4303,63.2,13.91,74.2364,48.8553,14.9254,2.7841,,2.7556,19.7,24.362,20.6,50.1,76.2,0.4915,52.24,13.879,2960.0049
Harborough,"5,192.60",169.5,0.032642607,,81.66,85.02,243.9045,10.6199,35.7165,142.47,705.01,56.9412,67.5008,59.3,26.19,69.9228,61.49,10.4809,8.5479,77.4608,4.1,16.5,18.116,7.2,51.4,88.2,0.1595,25.28,11.8774,409.2841
Haringey,"7,591.40",182,0.023974497,,80.67,84.83,307.4663,9.5638,40.8027,70.91,351.12,54.3675,64.5073,67.4,27.5,68.6986,48.6556,15.1893,6.0269,87.997,2.849,22.3,31.043,21.3,47.9,76.7,0.6412,52.35,22.237,2418.8916
Harlow,"8,908.10",225.1,0.025269137,,78.52,82.83,356.78,17.5853,36.3534,146.6,550.28,60,87.7232,62,23.85,59.7603,67.9886,19.7657,10.7268,71.1755,2.4869,24,23.558,16.9,41.6,72.5,1.1769,46.67,20.1699,354.3772
Harrogate,"4,580",179.7,0.039235808,,81.05,85.15,272.2092,13.15,68.7311,163.17,483.34,51.4589,68.2614,75,65.81,72.9117,56.9369,10.8578,8.5809,83.4211,2.4746,17.2,10.373,5.8,52.7,85.2,0.2469,24.84,7.6336,500.3374
Harrow,"7,970.60",260.8,0.032720247,,83.2,86.22,235.1871,4.9328,24.6437,80.25,457.35,48.237,89.1369,63.5,11.51,64.5335,54.7815,6.105,4.3017,88.5908,4.1655,21,14.302,12.9,54.2,70,0.5389,45.24,20.2235,1063.6578
Hart,"4,294.70",168.9,0.039327543,,83.13,85.29,226.4317,5.7278,53.7719,162.49,472.86,53.4188,74.5451,67.4,23.35,72.0542,57.4651,3.6036,7.7304,,3.2362,13.7,5.009,6,51.9,87.4,,27.84,1.6461,822.7136
Hartlepool,"9,023.80",278.7,0.030884993,,76.87,76.12,427.1098,10.3615,30.8181,264.17,614.05,55.3525,76.8442,74.6,1020.75,57.3666,75.7362,38.0254,16.5379,37.9415,3.0242,23.9,33.178,28.6,43.1,68.1,1.8537,69.72,6.0976,536.743
Hastings,"6,622",281.7,0.042540018,,78.02,81.75,422.6258,15.1489,49.2029,,,49.7283,73.7507,73.7,,65.9231,61.1256,25.153,14.4048,73.7907,3.5211,19.8,33.114,26.2,40.9,81.2,2.9305,,4.9759,820.4683
Havant,"5,429.40",248,0.045677239,,80.66,83.57,304.4903,8.725,41.8449,349.41,512.07,55.748,84.8791,71.7,20.13,66.4949,71.2838,20.3978,10.6506,,4.3243,20.6,21.166,18.5,41.4,73.5,,17.25,15.122,541.6645
Havering,"10,185.60",338.3,0.033213556,,80.09,84.05,307.3187,7.181,30.4641,74.68,567.15,48.6007,76.5191,60.9,11.77,63.7206,63.0648,16.6865,7.71,59.7127,2.4272,23.8,17.876,16.5,48.9,76.4,1.6989,29.77,21.1207,685.5447
Herefordshire,,,,,79.98,84.2,290.9719,10.5202,49.5531,170.19,561.2,48.9535,70.1094,56.7,37.06,68.7731,69.3354,12.513,13.913,74.7742,5.3296,19.2,19.737,12.6,44.7,80.9,0.121,15.22,15.7975,394.2833
Hertsmere,"7,661.10",314.5,0.041051546,,80.36,84.39,296.9335,12.1063,48.383,131.01,534.07,50.4,73.1121,72.1,34,69.0423,56.2758,10.7701,5.2579,78.2192,2.7027,17.3,12.913,11.9,51.6,84.2,0.781,27.69,24.4604,354.3772
High Peak,"5,115.10",275.2,0.05380149,,79.95,83.14,302.0275,10.3064,45.2589,193.62,581.46,54.6154,73.4922,68.4,37.66,73.85,62.9168,10.1351,13.5245,72.5236,3.5019,18.4,18.116,11.9,46.8,68.1,0.843,31.73,11.7949,407.8191
Hillingdon,"8,282.70",228.8,0.027623842,,80.16,84.02,317.5406,9.496,32.5238,76.42,533.14,50.9025,82.6173,65.5,20.64,61.5511,59.7618,14.7654,6.3358,85.2467,3.6444,21.3,18.108,16,49.8,73.2,0.422,41.21,12.8411,861.4067
Hinckley and Bosworth,"5,077.10",183,0.036044198,,80.55,83.88,294.8962,7.2046,28.4337,119.94,688.48,54.5272,79.1203,70.4,30.1,65.5487,62.3279,10.7588,10.6841,66.4115,2.986,18,18.116,11,48,85.2,,29.4,16.7421,490.8188
Horsham,"3,846.60",162.7,0.042297094,,82.51,85.43,232.6945,8.8378,63.7449,146.28,521.93,52.648,68.9449,59,28.8,74.0665,59.8619,7.611,6.6692,84.9412,2.0393,11.7,9.765,7.6,50.8,80.1,0.6674,20.53,17.764,498.2601
Hounslow,"8,811.40",219.5,0.024910911,,80.19,83.97,309.3094,10.5645,38.8951,113.02,473.18,52.5602,84.0647,67.4,18.22,63.3282,57.5342,11.7705,4.5007,,4.5079,23.9,22.469,13.8,50.5,72.1,0.1296,67.28,4.9841,1005.881
Huntingdonshire,"4,153.70",142.2,0.034234538,,81.42,84.37,259.3988,8.5097,50.4768,214.81,599.86,57.632,80.9447,64.7,36.37,62.7349,67.9692,12.1299,11.181,78.3351,2.873,19.6,11.791,10.7,46.5,78.5,,24.61,14.803,354.3772
Hyndburn,"9,306.20",278.9,0.029969268,,76.91,81.11,436.3427,9.5953,45.5996,240.61,485.8,50.3356,87.0596,73,35.83,65.5865,68.7888,37.1471,15.4885,,3.8923,22.2,32.102,20.1,42.4,79.5,,66.92,-6.4516,456.8305
Ipswich,"5,234.70",233.7,0.044644392,,79.45,83.22,340.5385,10.341,35.1435,226.17,586,51.6878,73.0888,73.9,43.33,59.5715,69.0024,31.984,6.9548,76.5791,3.3816,24.2,26.093,18,43.7,75.1,0.2005,35.47,11.8881,354.3772
Isle of Wight,"4,692.10",184.8,0.03938535,,79.68,83.46,321.8482,11.1924,57.4533,227.48,518.85,52.963,68.5967,64.5,79.85,70.5777,63.1304,17.9104,16.3984,66.3801,4.483,17.5,23.087,18.8,41.7,74.5,2.2199,26.47,19.2488,550.7193
Islington,"6,027.60",140.6,0.023326034,,79.66,83.36,358.893,10.4126,49.2199,93.31,550.22,54.6374,63.7317,84.6,32.19,75.309,55.7844,12.9482,5.5224,,2.9695,25,32.534,30.6,47.9,76.5,0.9815,54.91,7.5802,2618.5701
Kensington and Chelsea,"5,556.30",158.2,0.028472185,,83.86,86.96,237.1663,9.1245,66.3495,63.86,427.2,54.4393,54.3051,68.7,11.69,69.9962,49.4147,5.1787,2.1469,89.0909,3.8399,23.1,23.376,20.5,51.6,68.6,1.2468,37.94,11.9192,2661.9478
Kettering,"5,545.50",206.3,0.037201334,,79.62,82.46,334.4262,10.076,37.2395,340.34,753.87,54.1872,80.2378,76.8,36.51,65.3949,61.0272,21.5869,13.1011,76.6317,6.1815,16,18.116,14.2,47.8,82.8,0.3752,38.21,23.8447,685.9429
King's Lynn and West Norfolk,"4,777.30",266.2,0.055721851,,79.64,82.63,335.4158,12.2445,53.3088,249.08,611.9,55.2369,80.9228,56.9,34.08,66.5682,67.2808,19.8735,16.7398,71.5481,5.0447,21.5,23.403,15.5,41.3,80,1.1606,35.06,26.7528,354.3772
Kingston upon Hull,,,,,75.82,80.12,480.3877,14.7627,63.5534,255.51,722.81,47.5869,85.206,78.4,61.95,62.6971,71.3601,29.8307,20.5981,61.2172,5.048,23.4,41.235,27.4,43.9,74,1.3263,65.08,24.3028,818.5172
Kingston upon Thames,"6,654.90",176.3,0.026491758,,81.76,85.15,260.4799,10.3418,27.2991,113.96,524.2,55.3309,75.7097,67,12.96,70.9975,57.3717,7.9037,3.9072,88.692,4.386,18.6,11.125,11.7,54.5,78.9,0.2386,27.52,10.7784,1039.4398
Kirklees,"7,133.90",202.1,0.028329525,,78.73,82.5,362.4822,10.767,33.3223,164.48,460.78,49.9679,77.1911,69.9,18.39,63.4068,68.3788,14.7308,12.1137,74.9222,6.1704,21,23.964,18,45.4,73.2,0.1041,59.04,21.978,736.214
Knowsley,"11,315.60",255.2,0.022552936,,76.84,80.46,467.9195,10.4406,37.0221,346.59,670.96,53.4073,86.6288,68,45.39,58.5457,73.7259,30.7942,15.2733,48.4472,4.1799,27.2,41.387,25,39,76.7,0.2371,112.97,22.9339,899.0686
Lambeth,"7,268.30",164.1,0.022577494,,79.51,84.17,362.9251,8.1408,54.5187,90.02,462.29,55.875,58.8173,80.3,15.98,73.0369,50.1655,21.6279,3.2207,92.7102,4.7397,23.7,28.913,23.4,46,77.7,0.687,53.49,14.2202,4417.6479
Lancaster,"6,244.30",208.2,0.033342408,,78.7,82.52,370.4229,15.324,64.8012,199.34,554.96,55.9792,78.7236,82,73.73,71.2625,62.1012,23.855,9.6307,62.3874,3.18,20,23.321,14.9,46.4,68.1,0.7764,44.15,11.2288,777.4175
Leeds,"7,310.40",194.4,0.026592252,,78.18,82.1,380.9338,12.6811,42.1314,226.95,558.87,52.6408,77.1691,74.3,34.05,69.7456,61.9708,23.8013,11.9666,71.1242,4.0143,20.8,26.623,20.3,46.4,75.8,3.5973,62.55,20.5911,904.4103
Leicester,"9,699.50",220.5,0.022733131,,77.51,82.23,393.0717,8.0584,27.7196,121.19,756.71,49.0566,82.9843,86.5,13.94,58.6783,56.5041,20.7684,10.3981,73.1769,6.0075,23.8,18.116,23,42.9,72.5,0.2808,48.61,16.0867,728.3157
Lewes,"4,646.20",270.2,0.058155051,,80.91,85.14,279.2141,13.6648,62.9134,,,50,68.7234,61.8,,69.6111,59.1727,15.412,7.7067,81.851,4.6893,16.8,15.074,13.6,46.6,80.6,0.1776,,28.3186,632.7322
Lewisham,"6,951.60",178.9,0.025735083,,79.14,83.84,345.9791,8.93,32.525,113.7,510.99,47.0085,64.6777,74.9,21.98,73.0887,59.1443,21.1652,4.9405,86.1337,3.3705,24.2,28.591,22.6,46.3,81.6,0.5993,39.3,26.4088,2223.2864
Lichfield,"6,004.40",270.2,0.045000333,,80.4,83.69,293.9108,11.7461,27.0513,188.81,652.1,54.3524,80.233,58.5,33.64,68.7278,68.6351,21.0526,11.803,,4.873,17.7,12.709,11.2,50,74.1,,26.02,11.5442,566.9602
Lincoln,"6,670.80",179.3,0.026878335,,76.94,80.57,452.8099,16.2082,41.9892,187.14,758.13,44.2254,80.2248,84.3,18.33,67.5322,65.7969,28.8303,15.6206,55.8497,4.9005,22.6,18.116,21.2,40.1,68.7,0.406,38.49,26.7658,787.4936
Liverpool,"9,559",265.4,0.027764411,,76.59,80.36,476.8662,9.8517,43.5358,281.23,645.56,49.3005,76.4546,67.1,51.66,64.854,66.8705,26.2684,12.4051,55.0329,5.4201,25.7,41.126,26.3,42.5,69,0.0687,127.64,19.2819,1237.6064
Luton,"8,953.70",243.1,0.027150787,,78.67,82.72,371.8582,6.5633,35.7157,188.36,433.03,52.4055,75.8506,70.7,11.68,56.6256,66.9632,16.2833,6.2065,76.4482,5.339,27,27.577,19,43.8,70.9,4.1095,72.97,19.3435,354.3772
Maidstone,"7,269.60",248.5,0.034183449,,80.41,83.73,289.4466,9.8415,60.0171,265.1,616.95,54.3657,77.7611,69.6,27.14,66.5967,62.053,13.2237,10.4119,74.9738,2.5088,17.5,15.56,14.2,49.6,84.6,2.3825,67.52,10.6295,668.2058
Maldon,"5,703.40",223.3,0.039152085,,81.05,83.66,283.7589,13.2872,74.5083,111.26,573.61,53.8462,74.1635,52.1,,69.6596,66.5991,9.8522,6.3986,,4.89,18.2,14.506,12.1,47.1,82.4,,21.75,16.6667,354.3772
Malvern Hills,"3,405.40",167.7,0.049245316,,80.97,83.51,267.4602,9.3326,49.6771,113.06,686.29,52.3077,75.3313,57.1,35.54,70.057,62.8966,14.763,10.9856,69.3578,4.627,22.6,16.067,14.4,49.9,73.8,,11.79,0,303.3683
Manchester,"9,096.40",170.9,0.018787652,,76.38,80.28,494.503,8.8815,32.0806,172.45,698.19,51.2448,77.1678,78.9,44.05,66.0745,60.3038,22.3871,9.5639,66.6425,6.1095,27.3,40.512,27.1,43.7,66.4,1.8378,69.56,18.9646,1417.8134
Mansfield,"7,007.40",258.9,0.036946656,,77.96,81.48,396.8138,6.9882,28.8584,294.36,680.87,37.8882,82.2038,76.6,37.2,62.4489,69.0025,23.4681,19.2177,65.3729,4.1186,20.1,18.116,20.4,43,76.4,0.1068,56.57,15.3046,738.7401
Medway,"9,226.50",268.5,0.029100959,,79.05,82.56,350.5514,8.3393,34.8203,140.77,574.15,49.2358,89.0888,51.3,28.65,66.7478,69.6139,23.2019,15.1533,70.741,3.7478,22.2,22.332,18.6,45.9,77.4,1.6094,35.31,11.2959,635.413
Melton,"4,805.80",199.2,0.041449915,,80.98,84.22,271.1293,,52.4181,98.59,851.59,55.5102,74.3414,68.6,,71.2935,61.9333,10.7784,8.3708,68.9956,3.5714,18.3,18.116,10.5,50,84.9,2.5427,22.84,29.3286,406.4647
Mendip,"2,849.80",147.1,0.051617657,,80.9,84.58,272.5681,8.542,40.524,263.68,468.09,59.7148,69.1506,61.1,49.88,72.9472,64.6646,11.6515,12.0623,85.5978,3.1192,16.8,17.204,11.9,46.8,84.4,0.123,29.78,2.3004,349.4273
Merton,"7,637.90",219.8,0.028777544,,81.13,84.5,279.4606,7.319,29.4424,92.86,544.89,54.9414,75.099,68.9,17.73,66.7954,55.0968,11.822,4.5299,,2.4139,20.1,14.93,13.1,52.9,81,0.553,57.97,26.2272,1494.1501
Mid Devon,"2,589",89.9,0.034723832,,81.07,84.64,264.9796,15.048,41.3447,158.86,647.89,56.0465,73.2543,52.1,29.97,73.8687,67.9128,13.5034,11.626,74.5649,4.764,13.5,17.128,11.6,47.6,82.2,0.7853,17.17,16.8776,426.9557
Mid Suffolk,"3,024.20",179,0.059189207,,81.71,85,249.5034,10.7641,46.6141,175.84,504.78,59.375,67.7658,59.5,25.55,71.626,61.3651,9.2478,7.4604,,1.6234,17.4,12.679,10.1,46.4,84.8,,15.88,6.6461,354.3772
Mid Sussex,"4,416.60",215.9,0.048883757,,81.52,85,240.9879,7.9049,53.9283,249.16,541.05,49.1679,70.5993,73.3,35.85,77.5555,64.7218,8.7649,4.4542,88.3571,3.7938,11.9,7.615,7.2,49.5,79.1,0.3558,20.91,21.256,470.2535
Middlesbrough,"8,478.50",258.9,0.030536062,,75.42,74.82,493.308,14.4647,25.3604,391.33,771.68,51.9031,79.0034,78.3,964.21,61.5721,69.3392,39.356,16.5305,47.8637,3.2362,25.2,40.216,31.8,42.2,65.2,0.1024,73.31,20.4598,631.5579
Milton Keynes,"7,150.30",191.9,0.026838035,,79.51,83.35,332.1063,8.9408,35.6358,130.55,553.23,50.6271,78.0246,69.3,22.14,68.1151,61.9493,18.413,11.9633,80.3614,4.3997,19.8,18.029,15.1,46.4,78.2,0.8511,43.36,14.6667,661.086
Mole Valley,"4,909.20",265.9,0.054163611,,82.76,86.44,233.482,8.4107,74.9855,179.88,419.81,54.5679,63.1472,64.4,65.62,74.326,61.5716,9.6339,6.7642,88.9179,1.2976,10.4,8.87,7.4,51.8,86,0.2148,29.44,10.9405,483.0918
New Forest,"3,302.30",169.9,0.05144899,,82.09,85.54,235.4339,8.7612,60.3226,248.57,533.16,54.7255,68.3182,64.1,41.28,69.1451,60.1239,9.6834,8.8223,78.7736,2.405,17.1,12.44,11.2,48,78.9,0.0748,31.98,13.2132,434.8085
Newark and Sherwood,"5,539.90",181.3,0.032726222,,79.88,82.81,313.916,10.3208,54.8368,198.4,680.52,45.1839,78.6064,59,34.34,67.1038,70.4107,16.2815,13.7459,62.305,3.7868,20.8,18.116,15,47.9,76.2,,,10.8247,605.4274
Newcastle upon Tyne,"7,435.10",169.7,0.022824172,,77.94,77.5,408.4573,10.534,37.182,296.75,636.22,54.1199,82.558,77.3,914.19,69.2032,60.2515,24.1581,12.7561,69.3979,3.8675,24.8,28.264,24.7,43.7,67,2.3107,65.36,18.3288,941.3081
Newcastle-under-Lyme,"6,226.80",283.5,0.045529004,,79.27,82.99,349.9031,10.9394,23.2625,325.77,595.97,49.6296,88.8885,79.8,21.15,67.8897,60.5009,12.4864,11.721,64.6805,4.9766,19.5,18.472,14.5,42.7,72.5,,25.28,14.5503,460.1245
Newham,"9,815.50",210.1,0.021404921,,80.36,83.52,346.1018,6.5942,32.6632,72.75,350.4,51.0467,80.8857,67.5,7.76,56.2413,57.4,13.2129,4.4873,96.6776,3.7348,27.9,32.939,20.1,48.6,71,1.6712,61.16,19.4479,1762.3105
North Devon,"1,980.50",72.1,0.036404948,,80.56,83.6,302.897,11.3409,55.5323,309.56,643.15,49.3069,71.8275,60.2,63.19,72.1244,65.1982,14.4718,11.626,79.4606,2.3428,14.9,20.682,13.4,44.7,83,0.8733,19.72,36.3636,655.1257
North Dorset,,,,,,,,,40.7899,,,55.6757,72.909,,,,,,,81.8792,,,13.886,11.4,45.4,74.5,0.2612,,,
North East Derbyshire,"5,643.50",276,0.048905821,,79.72,82.66,316.289,10.0268,38.3674,252.95,568.35,48.0885,87.1163,67.8,54.15,72.6251,63.0649,12.2898,13.4783,,1.5379,19.4,18.116,15.3,45.6,77.8,,41.15,2.7668,548.1752
North East Lincolnshire,"4,909",165.5,0.033713587,,77.78,82.13,398.5863,11.2147,53.6,207.39,637.07,52.8782,83.9607,67.7,29.08,59.0207,70.3399,26.7074,21.7418,57.1268,5.2275,22.6,30.898,26,45.1,71.4,2.897,48.68,20.3008,638.6824
North Hertfordshire,"4,602.80",218.6,0.04749283,,81.02,84.14,268.3484,8.8259,45.0042,138.38,569.14,55.7798,73.6407,73.8,17.16,71.6517,58.172,10.1523,8.7845,80.4291,2.2321,14.5,11.616,10.5,49.9,81.7,0.4174,39.26,23.9474,354.3772
North Kesteven,"4,522.90",188.2,0.041610471,,80.48,83.39,295.9373,8.8109,63.9301,110.91,485.71,43.7008,85.5383,61.6,22.07,73.56,68.2077,11.4049,14.7518,58.3156,1.933,17.3,18.116,10.3,47.3,84.3,0.2044,13.54,17.6623,447.2488
North Lincolnshire,"4,739.60",174.7,0.036859651,,78.94,82.64,358.9056,11.8337,64.0225,151.72,661.78,50.2104,87.3742,61.5,23.41,63.1643,68.5102,21.8276,16.0129,66.0674,3.0364,22.7,21.363,18.7,46.1,72.9,,32.49,13.7778,621.8941
North Norfolk,"2,801.50",192.7,0.06878458,,80.89,85.22,276.7197,12.4397,45.1632,138.74,451.18,53.0378,69.7697,56.5,20.3,69.4338,64.2632,19.0549,10.0515,72.2071,1.8665,18.8,21.343,14.2,45.5,70.4,0.9518,11.82,20.6818,354.3772
North Somerset,"4,523.10",158.6,0.035064447,,80.66,84.61,276.5892,10.5193,24.2756,298.14,625.88,54.4146,73.7122,66.6,46.26,71.0569,62.059,15.5516,9.6367,82.1326,2.7615,18,15.783,12.6,46.2,81.6,0.7644,37.51,22.6804,498.0622
North Tyneside,"5,693.20",202.5,0.035568749,,78.2,77.73,380.3874,12.6258,30.9739,409.66,630.74,51.9618,84.5051,69.3,1067.17,67.1031,66.2339,18.399,11.7272,65.4146,3.5093,21.3,21.279,17.1,45.9,79.1,0.8823,62.59,11.3636,678.629
North Warwickshire,"6,167.30",236,0.03826634,,79.05,82.66,326.6545,9.6021,109.7775,168.34,688.75,52.7881,76.2025,56.1,26.77,66.515,67.4229,14.17,16.2556,61.1557,5.2165,21.4,16.482,12.9,45.8,79.4,2.1773,28.57,-8.2452,583.59
North West Leicestershire,"5,471.40",206.5,0.037741711,,79.99,83.66,307.2188,7.4487,46.9488,133.57,745.53,48.6364,78.0709,64.1,16.2,71.6195,69.7229,14.2503,10.6841,65.6951,3.2723,17.7,18.116,12.8,43.9,72.6,,25.93,18.0633,423.8069
Northampton,"7,692.40",237.7,0.030900629,,78.57,82.5,383.7843,11.6264,24.2257,439.69,577.48,48.6842,82.5865,74,31.35,59.3276,61.2368,19.9781,13.1011,78.6746,3.9656,19.5,18.116,15.7,45,74.4,0.1353,64.33,18.2674,794.6983
Northumberland,"5,158.60",225.8,0.043771566,,79.48,79.08,328.511,12.7838,58.0928,392.38,579.62,54.8289,82.9265,67.1,954.69,72.1278,63.577,17.2697,13.806,65.6489,3.1546,19.6,20.525,17.2,46.7,73.1,0.2391,66.04,13.7606,479.7265
Norwich,"5,118.30",145.1,0.028349257,,78.37,83.13,397.0921,16.6343,47.0243,204.59,553.43,57.1429,68.2619,68.7,25.35,67.0911,58.8277,24.1935,13.6704,72.2469,2.1954,20.8,28.785,22.3,44,74.6,0.2183,34.94,19.5846,354.3772
Nottingham,"8,861.80",191.9,0.021654743,,77.15,81.19,452.4037,12.705,37.0585,213.06,594.31,54.4025,75.1942,81.6,27.01,65.6092,58.4062,24.866,16.5324,72.4344,5.5909,26,18.116,29.5,42.4,64.6,0.4819,,18.0723,1060.4197
Nuneaton and Bedworth,"6,237.90",222.5,0.035669055,,77.61,82.34,381.3796,11.1511,35.7534,175.26,689.83,48.9627,85.5167,58.8,66.14,60.2341,69.2466,23.1569,16.2556,61.058,5.4312,26,22.933,17.8,43.7,79.2,0.2563,43.91,14.3546,725.1227
Oadby and Wigston,"8,353.90",291.2,0.034857971,,79.77,84.83,300.6177,8.8059,18.1175,95.4,675.24,43.8053,90.9044,72.4,,61.3347,63.5798,12.4575,8.3708,69.2593,3.5971,17.9,18.116,11.7,46.1,76.2,2.2252,19.65,-5.9113,497.6126
Oldham,"9,192.80",281.3,0.030600035,,77.57,81,435.4555,8.5342,25.9527,201.84,557.85,52.0882,88.084,78.1,33.83,59.247,62.78,27.5229,13.6436,66.553,5.6989,26.8,30.291,22,42.1,71.1,1.385,75.57,21.0567,640.8918
Oxford,"5,948.60",121.3,0.020391353,,80.18,84.69,318.626,8.5358,35.5798,237.24,543.61,55.8376,66.7702,66.4,50,74.4121,48.9498,14.9393,7.0886,84.3367,3.5219,16.4,17.946,16.2,45.9,80.7,0.4998,16.25,9.2496,1199.3099
Pendle,"10,190.90",287.7,0.028231069,,78.02,81.62,389.5427,11.8978,49.6163,186.89,411.93,50.6024,83.8288,62.9,31.33,68.7877,62.1187,16.9492,15.4885,,5.9372,22,29.62,16.3,43.3,73.8,,50.4,21.3178,478.1046
Peterborough,"7,084.50",171.1,0.024151316,,78.63,82.58,376.1498,12.4237,47.7593,228.46,656.37,54.6142,82.7279,80.4,16.66,65.9857,70.5966,24.5876,11.181,68.8214,4.9414,23.6,27.659,18.8,42.6,73.6,1.5989,55.97,2.9354,354.3772
Plymouth,"3,354.40",81.6,0.024326258,,78.9,82.22,361.4704,11.6739,38.6462,245.56,559.52,54.1894,78.8003,57,47.7,66.841,69.7983,24.0151,11.626,68.9856,4.2327,19.4,26.643,20,42,73.5,0.2631,45.66,18.2454,1050.4326
Poole,,,,,,,,,40.5456,,,55.2367,74.8721,,,,,,,,,,15.219,14.4,51.1,79.8,0.2248,,,
Portsmouth,"6,432.60",168,0.026116967,,78.39,81.93,403.5011,13.0445,52.3167,359.19,564.03,51.8414,78.7771,68,34.03,66.5813,66.4721,18.8552,12.8384,,4.0816,22.1,27.054,20.4,41.2,70.9,0.4979,15.9,17.8908,986.0687
Preston,"9,138.20",220.1,0.024085706,,77.47,80.9,438.43,14.0887,51.6463,218.86,561.81,51.4039,88.5341,80.7,21.28,62.3197,64.3889,29.884,11.2445,67.9649,4.1817,20.5,27.404,17.9,48.7,82.7,0.1703,45.88,15.8455,935.1634
Purbeck,,,,,,,,,87.6893,,,50.5837,79.167,,,,,,,,,,13.803,11.8,48.2,82.9,,,,
Reading,"6,516.90",186.1,0.028556522,,79.41,82.99,356.1307,9.8539,30.4563,261.47,504.98,50.7659,68.0692,68.5,27.07,63.8938,58.6486,20.1511,5.7584,77.9007,4.4816,21.4,19.319,15.7,44.3,80.8,0.4052,27.02,17.0437,1166.9807
Redbridge,"10,500.90",267,0.025426392,,81.49,85.24,270.2157,7.1394,28.2762,51.61,456.41,52.2589,79.1686,70.2,10.96,58.8666,59.6856,9.9047,4.1557,80.9586,3.1293,25,20.242,14.7,54.5,71.2,1.4762,35.69,17.4976,874.2584
Redcar and Cleveland,"6,533.70",232.6,0.035600043,,78.16,77.55,400.0077,13.5387,25.4893,286.55,592.9,54.9708,81.7255,71.8,806.47,67.9778,71.8908,34.5655,16.5305,49.8931,3.3751,24,28.567,25.2,43.5,66.1,,45.39,18.2573,619.281
Redditch,"6,824.90",206.4,0.030242201,,79.31,83.43,342.3461,12.416,27.7765,196.38,619.23,54.0936,86.0261,53.5,17.66,61.9046,65.7579,20.0154,11.9367,66.7961,3.7012,,21.218,15.6,44.9,80.8,0.448,34.76,20.5607,564.5797
Reigate and Banstead,"6,072.70",281,0.046272663,,81.35,84.58,260.3092,7.5426,50.5523,199.01,529.25,55.8252,72.2794,67.8,25.09,74.3265,61.581,8.751,8.4851,,2.7248,16.1,10.344,9.3,47.2,83.5,,40.51,27.654,593.4078
Ribble Valley,"7,196.80",252.9,0.035140618,,80.92,84.46,278.2064,8.8208,64.4214,104.55,518.83,50,67.5842,58.2,28.23,76.9824,59.4671,3.6101,14.6453,83.5443,3.5261,12.4,10.185,5.9,53.4,78.5,,25.25,6.8354,425.3014
Richmond upon Thames,"5,285.90",155.5,0.029417885,,82.58,86.28,245.1262,9.2073,35.6023,132.21,488.67,56.1684,55.5356,70.1,33.21,76.1264,53.5937,10.1781,3.2165,,2.1639,11.1,10.037,8.5,57.5,82.4,,31.77,4.6358,942.5878
Richmondshire,"4,639.90",161.9,0.034892993,,81.66,83.47,273.9016,11.1372,73.2478,145.52,544.78,58.7361,70.811,64.9,,72.2124,62.4373,11.236,7.8355,70.6693,2.0935,17.9,13.349,7.4,44.3,74.9,,38.59,7.1651,576.6572
Rochdale,"9,030.50",274.3,0.030374841,,77.3,81.26,426.7387,9.9233,26.5496,228.59,614.47,52.5444,87.0126,68.1,48,63.0136,66.2981,23.1868,14.1633,63.4752,5.5306,24,33.684,21.2,43.4,71.2,,68.75,18.6757,604.2382
Rochford,"7,178.80",304.5,0.04241656,,81.56,84.42,255.6867,7.7212,39.8257,90.52,537.71,53.3333,79.3065,68.8,,66.5489,63.0525,11.3798,7.672,83.3526,3.7959,16.9,11.033,9.9,47.2,85.8,0.1428,16.32,7.9922,354.3772
Rossendale,"8,172.70",226.6,0.027726455,,78.21,81.67,377.3118,14.9594,42.1611,216.85,629.07,55.7971,80.5533,74.2,43.23,67.1166,66.0046,29.511,15.4885,72.818,4.4425,24.4,23.155,16,46,81.4,,47.36,-3.8627,530.8116
Rother,"5,032.30",389.3,0.077360253,,80.62,84,281.7741,13.281,88.4238,,,52.9304,69.3171,64.4,,65.1029,63.4388,14.0118,14.4048,73.5294,3.2513,16,18.554,17,46.3,78.3,0.5338,,8.4862,586.8568
Rotherham,"7,302.60",293.5,0.040191165,,77.94,81.71,402.0642,14.6017,52.3968,172.32,618.74,47.0106,81.1918,82.2,17.57,54.8721,75.6146,20.7612,16.2062,56.0218,4.2982,24.6,28.279,21.8,44.3,70.4,0.287,47.64,25.5562,606.1122
Rugby,"5,609.80",164.3,0.029288032,,80.45,83.51,313.2609,8.2244,67.701,200.43,569.41,54.2793,79.9462,62.1,42.11,66.5805,64.9261,13.1579,10.6998,82.6425,4.4643,19.7,13.051,9.7,50.1,81.5,0.4725,35.41,30.2158,662.1732
Runnymede,"5,926.80",181.2,0.03057299,,81.02,84.65,287.5996,7.9773,70.9775,70.99,505.59,43.7853,76.1451,67.4,19.9,72.9718,55.1473,11.5894,7.3593,84.2529,5.4289,18.7,10.943,11.5,49.9,82.5,0.2827,15.58,26.0341,508.8332
Rushcliffe,"5,546",187.9,0.033880274,,81.51,84.54,263.5832,8.0152,41.0934,124.82,526.65,50.5938,72.7898,74.1,27.76,68.7945,58.9359,7.5067,5.8878,83.6,4.0919,13,18.116,6.9,57.2,80.4,,,9.8675,409.316
Rushmoor,"8,023.30",244.2,0.030436354,,80.66,83.3,317.0251,10.5649,35.1364,268.07,609.45,47.644,98.5564,69.3,23.62,64.683,70.9816,13.3235,7.2007,,2.8773,17.7,15.135,11.2,43.3,84.4,0.1825,58.66,7.7283,1345.2556
Rutland,"3,907.10",160.3,0.041027872,,83,85.4,223.6657,,54.044,142.47,555.72,54.2986,73.7689,55.3,,72.8377,60.5426,3.6496,8.3708,81.0726,2.1254,12.5,18.116,6.5,51.5,75.7,,23.91,-2.4194,432.4783
Ryedale,"3,243",128.2,0.039531298,,80.73,85.6,268.206,11.7249,86.5386,148.2,605.75,53.8217,67.7427,55.4,34.35,70.7149,57.9248,12.3916,14.1569,72.5441,1.5385,17.9,15.461,9.9,48.5,81.5,,20.78,10.0592,293.9084
Salford,"8,491.50",239.5,0.028204675,,77.63,81.13,438.7536,13.7939,29.7084,380.69,705.98,46.7532,80.9258,79.4,44.89,67.4629,63.4255,28.9816,10.2491,63.5272,4.6031,25.2,32.959,21.1,40.2,75.4,4.5998,81.36,17.5227,1330.1158
Sandwell,"9,952.20",303.2,0.030465626,,77.04,81.26,434.3818,10.8011,36.7685,176.4,646.3,50.2172,84.4427,62,24.7,54.6982,70.9356,26.3802,11.4104,62.0099,7.1208,28.5,34.614,25.5,44,69.6,0.489,57.64,13.113,869.3652
Scarborough,"4,893.50",198.6,0.040584449,,78.05,82.83,361.1615,16.0228,38.1409,309.1,521.03,48.6034,71.1687,55.2,68.22,66.6705,64.7828,22.6667,14.8714,60.9065,3.1915,21.4,25.235,18,40.6,79.2,0.2604,49.22,22.8288,473.8654
Sedgemoor,"4,117.60",142.9,0.034704682,,80.29,84.03,291.8765,14.2544,29.4652,304.92,553.27,57.6302,78.6816,63.1,47.09,66.7167,67.2478,8.5556,12.0623,77.5475,3.7442,19,19.506,13.9,44.2,80.9,0.1895,45.55,23.3881,516.2757
Sefton,"8,438.20",295.2,0.034983764,,78.89,82.94,357.1908,10.042,35.9325,333.33,568.73,49.3865,75.3282,66.3,52.89,62.5796,66.4096,17.8981,10.7914,57.8636,4.6913,22.7,25.732,17.1,45.2,75.6,0.9906,95.21,6.1825,730.9431
Selby,"5,070.60",136.8,0.026979056,,80.52,83.53,286.8432,8.6606,51.9607,126.08,596.24,57.0694,85.6491,58.1,27.59,67.8633,72.8444,13.4466,10.4436,,2.5735,20.7,12.86,10.3,47.6,72.6,0.2728,38.52,11.1554,390.1885
Sevenoaks,"5,584.30",234.4,0.041974822,,82.42,84.42,260.1087,6.8194,55.8212,153.86,475.9,56.3238,68.1014,60.4,12.47,73.8841,60.8229,10.2992,10.4774,,2.1592,15.7,11.648,12,51.5,71.8,0.201,33.36,15.0215,439.674
Sheffield,"6,847.70",210,0.030667231,,79.26,82.51,349.9626,10.007,50.7106,167.42,567.52,49.001,77.2574,78.8,15.69,68.1908,64.1459,19.2689,11.4936,78.2723,3.7309,22.4,27.568,23.2,45,73.4,1.6588,49.63,15.7521,647.1026
Shropshire,"4,503.70",180.4,0.040055954,,80.58,83.57,293.1505,9.9431,52.6052,164.03,588.59,49.1838,71.4403,69.4,25.14,68.5375,72.4461,11.0455,10.8506,78.4382,4.4483,15.1,16.689,12.2,46.5,79.7,2.84,22.3,14.5729,383.2524
Slough,"9,825.50",207.3,0.021098163,,79.14,82.71,378.1254,8.8675,31.8169,172.62,524.65,46.7914,88.3778,63.3,15.83,55.7574,67.4863,12.3411,6.5008,76.2454,4.7853,24.9,22.873,15.1,49.4,76.3,0.8643,71.91,5.6751,939.8108
Solihull,"6,453.60",267.6,0.041465229,,80.69,84.35,291.6025,13.2655,25.2415,213.53,527.25,54.9311,80.7336,57.3,28.63,68.1335,62.7606,17.0964,10.5566,70.3888,4.7697,19.2,17.238,15.9,50.9,77.1,1.4013,43.54,7.7647,644.4215
South Bucks,"6,622.70",,,,,,,,52.5423,173.58,450.04,48.0363,,61,22.02,68.0557,58.7438,11.2847,7.2846,79.6438,,,9.328,9,53.3,83.2,,35.42,,
South Cambridgeshire,"3,481.80",110.6,0.031765179,,82.94,85.8,229.6624,11.4204,63.6015,247.64,493.21,57.2474,68.1632,54.1,42.69,72.9661,56.9426,7.6253,11.181,,2.0781,11.3,8.053,8.1,54.6,81.5,0.4142,26.84,15.1762,354.3772
South Derbyshire,"6,478.60",224.7,0.034683419,,79.85,83.05,304.488,8.3898,41.9983,196.92,554.52,47.9487,88.187,70.8,22.87,67.7678,69.3411,16.7921,13.4783,,6.4142,,18.116,11.9,46.3,88.4,0.3297,23.03,11.5523,609.9514
South Gloucestershire,"5,138.70",136.1,0.026485298,,81.55,84.55,265.6809,9.0765,17.6805,254.87,527.88,53.0789,80.4671,64.7,42.92,69.7413,62.2797,9.3671,9.6367,78.4111,3.1729,15.9,11.358,10.2,46.7,83.1,0.1208,33.29,12.2239,474.6984
South Hams,"1,828.70",56.3,0.030786898,,81.87,85.25,244.0414,7.5101,54.2926,176.94,495.3,57.3733,55.7362,41.6,54.4,75.1616,61.551,8.8235,11.626,,2.6738,11.5,14.072,10.5,51.9,78.7,0.2352,18.96,19.2982,518.4169
South Holland,"4,970.60",190.5,0.038325353,,79.79,83.25,322.2327,12.6687,59.6674,95.29,494.85,49.3734,88.3406,63.1,18.5,60.752,67.3685,12.0996,14.1588,63.2353,1.7749,24.9,18.116,13.9,45.4,78,0.2038,23.15,17.0047,392.9099
South Kesteven,"4,834.20",196.6,0.04066857,,80.92,84.06,269.5872,9.7073,55.0606,174.81,580.3,50.9774,81.3233,62.4,22.84,64.6487,65.8885,10.8063,13.5367,66.1702,2.3322,22.6,18.116,12.8,49.9,76.3,,24.45,21.5457,458.0566
South Lakeland,"4,180.30",274.1,0.065569457,,81.52,85.27,246.4646,9.7821,77.9645,152.22,590.21,57.8846,68.2802,62.6,56.45,73.5515,52.0104,9.9502,9.6307,76.4846,3.0919,16.1,12.232,6.9,49.9,82.1,0.7188,19.06,24.5014,550.1111
South Norfolk,"3,810.30",159.7,0.04191271,,81.34,85.15,242.3604,7.3912,54.3782,96.86,549.52,55.3156,71.7431,54.5,18.21,73.2758,61.5501,10.2541,11.6598,74.9169,3.4519,14.6,13.027,10.4,50.9,84.9,,13.88,22.0779,354.3772
South Northamptonshire,"4,799.40",141.8,0.02954536,,81.72,84.29,260.1803,9.5726,58.5604,185.98,406.38,58.5678,73.1265,49.4,25.55,68.0356,62.0487,13.8889,13.1011,80.9524,3.0372,13.3,18.116,6.1,49.3,84,,20.34,22.2222,401.2071
South Oxfordshire,"3,934.30",149.9,0.038100806,,82.18,85.63,232.2938,9.5726,43.6441,183.76,551.07,55.4257,64.0792,62.5,33.37,75.518,52.0542,7.4658,7.1049,85.8992,2.0896,14.7,8.56,7.9,50.3,87.5,,11.66,5.6604,505.9627
South Ribble,"6,915",215.7,0.031193059,,80.12,83.61,307.8768,8.9127,49.5169,184.5,498.13,56.1702,75.6296,65.6,36.79,58.4608,64.5664,19.3953,9.5825,70.1634,3.1447,20.2,13.702,10.2,48.5,87.4,0.1268,25.31,1.7857,668.1841
South Somerset,"2,993.90",108.1,0.03610675,,80.57,84.9,274.83,13.8065,33.2903,392.08,532.15,50.5703,73.9983,57.8,50.71,71.5495,64.4342,13.2928,12.0623,81.202,3.1381,16.5,16.644,12.7,45.4,77.9,0.0955,37,21.0009,418.8826
South Staffordshire,"7,487.80",233,0.031117284,,80.33,84.25,283.9379,10.7441,31.5786,196.05,453.08,49.7099,81.1482,62.5,16.9,67.6589,62.6849,14.6074,12.2627,65.5952,2.9401,20.3,12.453,12.2,47.4,82.6,,33.73,15.8621,478.4409
South Tyneside,"7,234.30",297.4,0.041109713,,76.99,76.44,424.6642,8.4272,32.0952,315.93,588.46,50.211,80.4105,71.6,982.55,64.5506,69.2011,20.0535,13.9321,55.6329,2.6281,27,30.608,26.4,44.3,69.9,,59.69,11.9266,689.0739
Southampton,"5,422.50",139.8,0.025781466,,78.49,82.51,390.3676,11.3679,45.8342,372.9,653.98,48.2714,76.2335,67.2,39.74,65.1499,63.7193,17.3569,12.6741,74.8661,4.8522,23.8,26.878,20.1,44.7,76.1,,67.61,15.4246,1014.3314
Southend-on-Sea,"7,862.90",336.9,0.042846787,,79.1,82.52,353.4254,13.165,43.4524,165.76,599.17,55,75.2931,79.9,17.03,65.0747,61.7201,21.4362,9.5135,83.115,3.0049,19.5,24.516,19.1,47.2,77.6,0.2397,39.41,12.7334,354.3772
Southwark,"6,903.10",129.5,0.018759688,,79.55,84.92,350.595,8.9198,44.6591,122.35,502.95,54.0426,66.2072,75,10.35,69.6383,51.4878,22.4692,3.7129,89.5497,3.8129,27.2,29.489,23.2,48.6,80.4,2.6697,45.26,14.0097,3558.407
Spelthorne,"7,183.20",210.3,0.029276646,,80.94,84.15,279.6533,6.6391,47.7536,122.17,478.4,49.6368,83.2492,62.4,15.68,62.206,56.8065,15.9893,7.4298,81.6291,5.187,18,13.189,12.6,49.9,82.6,0.1195,25.8,22.1172,612.5574
St Albans,"5,152.50",225,0.043668122,,82.03,85.44,242.4425,9.3667,39.4303,127.94,554.51,55.8594,64.7299,60.5,18.29,68.042,50.3133,7.1321,5.2579,84.0949,3.6137,11.3,7.668,8.5,57.3,76.2,0.134,23.98,19.6291,354.3772
St. Edmundsbury,,,,,,,,,38.1036,,,60.149,73.5198,,,,,,,78.0679,,,15.271,11,45.2,80.5,,,,354.3772
St. Helens,"9,179.60",265.2,0.028890148,,77.77,81.23,404.7289,13.944,36.8035,433.37,631.11,51.5931,84.238,74.3,100.19,66.8374,69.158,37.2556,16.4309,55.3009,3.6364,25.8,29.809,19.5,44.9,74,0.0889,101.3,16.9408,643.9299
Stafford,"6,075.20",250.6,0.041249671,,80.25,84.24,296.4096,13.0627,31.4129,273.24,578.01,54.7511,77.294,64.2,19.55,68.6796,60.0314,13.013,10.8696,,4.9803,18.4,13.492,10.9,47.3,76.4,,20.86,6.5839,556.287
Staffordshire Moorlands,"5,152.60",278.4,0.054030975,,80.35,83.38,300.7388,10.3687,30.4581,192.66,432.3,51.6949,82.9012,65,27.65,70.1163,63.0527,10.568,12.057,70.7161,2.1044,17.4,15.217,10.7,46.1,80.1,0.5138,11.74,23.1746,361.317
Stevenage,"6,501.20",171.9,0.026441272,,79.09,82.77,343.8177,9.3489,26.594,176.11,661.07,53.0405,79.1475,79.4,24.98,64.1965,67.5485,22.0197,8.2986,72.562,5.5377,22.7,18.388,16.1,43.8,81.8,,72.75,-5.4622,354.3772
Stockport,"6,745.60",221.5,0.032836219,,79.83,83.29,332.5047,8.8087,21.7607,252.3,550.23,55.1424,75.4147,70.6,42.46,66.9101,63.3313,15.021,9.1049,72.3744,4.6676,18.3,19.108,13.5,48.3,78.9,1.7021,50.24,12.0968,578.4343
Stockton-on-Tees,"7,565.30",240.7,0.031816319,,78.53,78.03,381.8762,8.6737,25.1077,280.98,598.62,54.6265,81.6817,87.2,940.14,61.3777,65.0229,26.7516,16.5379,48.7356,3.6243,20.2,24.625,21.3,46.4,72.7,,55.4,28.4567,513.7152
Stoke-on-Trent,"7,385.70",285.9,0.038709939,,76.49,80.15,453.9296,12.4797,27.2798,374.96,641.39,47.6617,88.8686,87.8,23.31,53.9165,65.4429,30.861,16.3416,60.0806,7.5028,24.2,34.36,24,42.7,73.2,1.8207,41.36,16.8095,620.5031
Stratford-on-Avon,"3,719.50",221.4,0.05952413,,81.46,85.15,261.6882,9.8073,78.5397,213.98,544.15,46.3248,61.642,59.5,35.38,69.5596,62.7568,10.7803,6.4076,81.1856,1.5024,16,11.41,9.1,52.7,86.2,1.4214,25.17,17.2583,530.3515
Stroud,"3,006.70",155.9,0.051850866,,80.64,83.89,266.019,10.1392,40.0689,221.73,565.94,50,70.6483,67.6,27.86,78.3834,59.0575,8.0442,10.9927,,3.8119,17,10.893,10,50.4,79.3,,15.08,12.4183,410.5508
Suffolk Coastal,,,,,,,,,36.688,,,56.9565,65.3551,,,,,,,,,,13.073,10.4,47.4,79.1,0.162,,,354.3772
Sunderland,"7,612.40",287.7,0.0377936,,77,76.59,421.3407,12.4119,32.3416,181.1,638.52,49.8093,81.2988,69.2,992.9,59.4889,66.0247,28.9604,18.3456,56.5785,3.0233,23.6,29.725,23.6,42.8,70.3,0.1623,71.76,17.2853,666.5005
Surrey Heath,"6,009.70",282.2,0.046957419,,82.33,85.23,225.8639,6.6694,51.0712,177.99,580.88,56.2025,73.711,70.2,25.99,70.3837,59.6233,11.0032,5.442,78.8224,2.0048,13.3,7.731,7.6,51.1,85,0.3409,42.48,20.0864,606.9749
Sutton,"7,542.60",224.9,0.029817304,,80.94,84.32,282.8964,10.3683,26.4052,157.53,610.18,53.2756,83.1752,75.6,21.09,71.2928,62.9454,14.1226,6.7027,82.9856,3.6511,18.4,14.579,9.8,54.3,78.5,1.0849,58.59,16.8831,943.2546
Swale,"8,723.90",284.5,0.032611561,,79.16,82.67,352.3593,9.3608,49.9907,134.92,649.24,58.7692,84.1917,60,35.43,63.7974,65.203,23.906,17.0609,64.6881,5.3091,22.1,25.724,21.2,41.4,75.4,1.6511,45.81,16.1747,561.1721
Swindon,"4,803.90",145.4,0.030267075,,80.17,83.45,315.2174,7.3898,31.6145,407.01,665.2,50.6089,97.4605,56.1,36.75,61.6889,65.0509,17.7415,11.0723,76.2931,3.3486,21.4,17.857,14.1,46.5,81.2,0.3069,33.46,14.5775,756.8021
Tameside,"7,584.80",296.3,0.039064972,,77.5,80.63,422.2035,9.4251,24.9867,237.78,621.07,52.9661,84.6251,78.1,40.2,62.8019,70.5218,28.0143,13.6226,58.6851,3.6665,21.1,29.38,18.9,44.3,74.6,1.4565,57.12,13.7733,755.2174
Tamworth,"6,644.40",263.4,0.039642406,,79.37,83.06,315.0174,10.4706,20.9077,218.61,544.88,47.4747,85.2983,67,39.95,63.4014,69.482,28.0449,11.6633,64.214,5.7604,16.5,20.251,16.1,41.7,80.3,0.2457,34.62,8.2405,654.2599
Tandridge,"6,163.70",247.4,0.040138229,,81.64,85.13,253.0418,7.5707,82.0952,159.72,539.31,51.1173,70.6511,67.5,35.47,71.8846,59.0649,9.9206,9.0664,82.0069,2.1475,15.1,10.585,9.5,46.6,75.4,,24.31,27.0161,499.944
Taunton Deane,,,,,,,,,32.3616,,,55.9917,73.9192,,,,,,,82.9849,,,16.514,12.3,44.9,76.6,0.5169,,,
Teignbridge,"2,150.40",89.4,0.041573661,,80.73,84.69,266.6351,15.0362,49.707,232.27,574.01,54.1779,71.1491,58.5,62.19,72.9292,59.709,17.3959,11.626,80,2.3115,18.1,16.525,12.7,46.7,79.6,0.5411,29.12,20.9593,480.5043
Telford and Wrekin,"5,924.80",140.7,0.023747637,,78.57,81.9,382.5372,10.2211,28.2569,238.46,508.45,51.9444,85.6297,63.4,20.79,65.7938,71.502,17.2022,15.3507,71.0372,4.2249,25.3,24.852,20.5,44.1,74.8,,28.63,13.312,613.3676
Tendring,"6,598.60",403.9,0.061209954,,78.2,81.68,387.4601,18.8151,60.583,273.12,587.74,47.806,78.1355,67.2,43.75,59.8279,66.4301,17.1569,12.846,68.3754,4.6083,21.6,28.445,24.1,41.7,64.3,0.6216,43.77,33.9103,354.3772
Test Valley,"4,078.20",180.7,0.044308764,,81.43,84.83,263.5346,8.296,65.3452,225.02,527.69,53.8175,67.5963,56.9,38.5,69.5521,54.6768,8.8933,8.8223,77.656,2.5727,15.1,10.622,9.6,49.5,76.9,0.1781,30.62,13.5359,1007.7742
Tewkesbury,"2,988.90",200,0.066914249,,81.18,85.22,264.6129,8.1141,60.8865,172.04,445.98,53.5519,83.0192,62.5,26.9,71.1305,59.0242,10.3017,10.9927,,3.2237,20.8,12.08,11.2,50.4,82.4,,18.32,15.6364,552.5828
Thanet,"7,845.20",332.6,0.04239535,,77.89,82.57,381.2037,13.6728,51.1779,207.23,582.99,52.2996,76.8696,58,33.48,63.2289,66.6898,33.2726,19.5506,72.5436,5.0516,23.3,31.619,24,40.6,69.5,3.6353,24.74,13.2411,819.3951
Three Rivers,"6,537.50",264.7,0.040489484,,81.34,84.22,268.3803,8.0074,38.4999,111.11,477.9,52.439,78.2297,67.9,23.62,71.027,59.3929,5.4778,5.2579,,3.0675,14.8,9.98,9.7,52.1,80.1,0.1863,25.54,13.1846,354.3772
Thurrock,"10,047",259.3,0.025808699,,79.36,82.69,328.6483,5.478,49.4931,142.41,614.24,54.4627,81.6308,71.5,7.78,58.5576,75.9497,18.7213,9.3733,70.5573,4.7554,25.2,21.603,17.7,45.2,76.6,0.8649,51.55,22.905,354.3772
Tonbridge and Malling,"5,972.60",196,0.032816529,,80.43,84.75,278.8492,8.3987,56.1198,200.35,524.23,60.5505,74.9299,51.5,33.74,74.1399,60.7884,10.421,10.4119,76.1006,3.6257,16.3,11.344,11.9,49.4,82.5,0.3095,54.4,17.852,482.3603
Torbay,"2,988.30",113.7,0.038048389,,78.97,82.63,363.0595,18.958,38.2017,305.92,516.6,49.9334,71.0453,61.7,78.73,69.7584,59.8181,23.6097,11.626,72.0313,2.9108,20.1,28.788,21.2,44.4,73.1,1.0721,51.5,13.0515,660.1589
Torridge,"1,412.10",76.2,0.053962184,,79.65,82.94,307.7845,13.8862,43.7426,273.54,552.42,57.0681,69.0459,59.2,26.79,71.5123,62.6746,15.1659,11.626,74.6114,4.9444,21.5,23.201,15.9,42.7,91.4,0.3347,27.95,5.1661,594.0645
Tower Hamlets,"8,669.30",150.9,0.01740625,,80.35,83.64,336.4654,8.7036,51.1965,64.88,568.66,50.104,80.5314,80.2,21.85,70.0225,56.9332,11.4407,3.6455,94.9968,3.536,25.9,35.657,30.3,48.9,71.9,0.1166,51.46,6.6874,3081.1804
Trafford,"6,642.40",208.5,0.031389257,,80.3,83.91,307.5117,8.107,22.3644,156.26,547.96,54.3912,79.3447,68.4,50.98,68.9965,64.0372,12.267,4.6089,76.03,3.5806,17.8,15.388,11.6,54.3,79.6,,45.7,10.4478,748.9779
Tunbridge Wells,"4,667.10",191.2,0.040967624,,81.48,84.56,280.8435,10.2027,46.5861,238.94,479.97,52.8846,72.013,62.9,24.91,79.9858,58.9558,6.8847,10.4119,84.5209,2.5554,14.5,10.975,10.2,54.6,78.5,0.1002,39.37,11.5385,523.5245
Uttlesford,"5,201.30",139.1,0.026743314,,82.88,85.82,216.865,9.1012,69.9481,147.36,573.9,56.2327,67.4557,63.7,16.93,74.6821,57.59,7.3082,10.7268,80.2768,2.1954,12.8,9.668,7.1,52.7,82.8,,13.86,8.5586,354.3772
Vale of White Horse,"3,593.20",141.9,0.039491261,,82.56,85.33,232.7556,9.5397,45.4683,191.17,470.1,56.0606,68.1587,62,29.46,76.0515,58.3878,9.2188,7.3291,83.4818,2.0492,15.6,8.457,8.5,47.8,82,0.1698,10.54,17.2911,499.994
Wakefield,"6,647.50",235.4,0.035411809,,77.99,81.95,395.6307,13.4638,41.6679,210.67,452.83,52.7891,83.6111,65.6,27.9,65.522,65.3885,20.5011,15.7499,66.5779,3.5185,22.2,26.892,19.2,45.1,74.9,0.4228,79.5,15.1039,561.4464
Walsall,"8,635",306.5,0.035495078,,77.82,81.97,399.5243,9.019,33.2986,182.19,631.98,48.7061,86.7825,66.5,14.88,55.9384,73.1607,30.0917,15.9779,65.5032,6.8226,30.1,30.37,25.8,43.5,71.5,0.1155,44.86,18.1874,732.8369
Waltham Forest,"8,806",201.5,0.022882126,,80.73,84.98,302.2922,8.7343,30.8524,53.1,486.36,57.6763,65.8135,68.5,10.01,69.7336,52.8679,13.1788,4.9512,93.3363,3.1539,23.7,30.19,19.4,47.9,73.7,2.3517,47.69,19.7633,1705.0979
Wandsworth,"6,508.20",142,0.021818629,,80.64,84.19,312.0573,8.7685,42.7936,84.93,430.67,55.0287,60.8639,79.6,15.88,79.6189,52.5323,11.2994,2.3653,91.9404,2.304,19,18.295,17.2,51.2,83.1,0.4256,44.4,17.8414,2677.0237
Warrington,"8,165.60",250.9,0.030726462,,79.03,82.77,335.1728,9.9326,36.4005,302.69,659.77,50.7549,83.3016,76.2,48.59,63.2961,66.3489,19.4518,10.3483,62.3284,3.8959,18.7,19.312,11.5,49.3,81.6,0.3199,71.24,11.3618,546.7436
Warwick,"4,790.90",168.3,0.035129099,,81.23,84.82,280.2911,8.2977,54.4142,171.24,543.13,45.5238,71.8884,58.1,61.58,71.8522,59.3203,7.5453,6.4076,80.1543,2.7548,15.5,11.699,9.1,52.6,80,1.8321,30.09,11.2,607.9483
Watford,"7,987.40",259.9,0.032538749,,79.31,82.46,326.8084,9.7586,33.7902,101.42,659.32,55.9701,93.1694,81.9,21.19,64.372,60.4668,11.465,5.2579,73.9366,6.2201,20.9,15.723,11.5,51.1,76.3,0.1971,33.17,23.8532,354.3772
Waveney,,,,,,,,,36.7552,,,53.9683,76.8294,,,,,,,73.1915,,,25.135,18.8,42.5,76.3,0.115,,,354.3772
Waverley,"4,519.20",249.4,0.055186759,,82.57,85.63,231.079,7.3533,43.1965,223.66,487.24,53.2286,61.2471,61.7,35.25,78.7396,52.8545,5.1304,7.0285,,4.8091,10.8,7.068,7,54.8,79.2,,24.8,12.3755,549.8401
Wealden,"4,816.20",250.8,0.052074249,,81.36,84.93,249.7765,11.0635,83.6788,,,49.8701,68.0834,62.6,,68.4134,62.4597,6.9525,8.7889,83.914,3.9134,15.5,11.23,10.4,49.6,82.5,0.3953,,14.0741,462.5673
Wellingborough,"5,803.80",198.2,0.03415004,,79.27,82.45,341.5591,10.9568,38.0161,289.91,541.22,45.9732,85.349,64.3,27.49,68.5608,67.9405,16.73,13.1011,75.0714,4.3494,24.4,18.116,16.4,45.1,89.9,0.421,51.47,24.2206,644.1655
Welwyn Hatfield,"6,476.60",208.9,0.032254578,,80.94,84.16,296.4793,9.6503,40.8918,93.93,572.99,51.2821,70.3275,64.4,13.23,62.8401,66.6518,8.7855,8.2986,78.0911,2.7708,16.9,12.875,14,49.5,81.9,0.2087,52.26,4.2705,354.3772
West Berkshire,"3,865.60",142.6,0.036889487,,81.87,85.17,252.409,9.7179,36.8096,212.06,555.1,50.8532,67.2632,61.8,41.88,65.6805,53.676,10.1729,5.7584,76.8293,2.9076,15.9,10.242,9.1,49.1,83.1,0.2779,13.26,9.3085,490.7639
West Devon,"2,039.60",64.5,0.031623848,,80.61,83.95,288.2796,12.0191,80.7292,128.43,497.25,56.6038,66.4667,59.7,50.08,77.4708,56.7634,13.1894,11.626,81.9477,1.6488,17.6,17.846,12.1,47.2,70.8,,14.2,-0.7299,376.093
West Dorset,,,,,,,,,59.4398,,,58.6667,59.948,,,,,,,81.2865,,,14.24,11.6,48.3,77.1,0.1293,,,
West Lancashire,"7,507",240.6,0.032050087,,79.4,82.59,335.4302,13.8022,45.6617,235.05,626.4,50.4132,77.0849,69.9,37.78,67.939,64.9053,17.9748,13.9181,62.3711,3.3003,23.1,19.983,13.7,45.1,70.1,0.4282,51.82,20.8163,536.0562
West Lindsey,"4,488.50",194.4,0.043310683,,79.99,83.29,304.5379,11.778,94.693,120.55,533.8,44.8852,81.5734,65.1,18.2,60.5575,68.54,9.3085,16.4302,,1.9881,16,18.116,19.4,47.7,75.9,,21.81,18.8498,396.4391
West Oxfordshire,"3,502.30",170.8,0.048767952,,81.86,84.96,243.9182,8.6292,51.8612,178.98,565.79,57.529,68.0046,75,36.8,69.9398,62.9201,10.6982,7.0886,82.6871,2.56,13.6,8.124,8.1,47.7,84.7,1.7525,6.03,11.7005,484.2759
West Somerset,,,,,,,,,34.4185,,,45.641,65.0379,,,,,,,,,,23.293,16.3,45.9,79.2,,,,
Westminster,"5,220.50",136.6,0.026166076,,84.88,87.22,224.9633,5.9954,97.36,65.11,380.12,49.481,57.7835,74.5,10.97,70.4216,48.6336,6.7687,2.19,,2.4637,25.2,27.686,27.3,52.6,68.4,0.7152,36.05,1.5152,2788.7253
Weymouth and Portland,,,,,,,,,33.9665,,,52.4781,73.1516,,,,,,,71.8563,,,23.573,18.3,42.5,74.3,0.4112,,,
Wigan,"8,387.60",292.1,0.034825218,,77.77,81.41,397.8682,13.5006,22.1777,337.3,674.06,54.1325,86.8655,72.3,58.71,64.2936,70.5241,18.7295,15.1177,54.5072,3.8366,23.9,24.857,15.1,45.1,76.6,0.1828,70.57,17.7312,544.5144
Wiltshire,"3,294.20",156.8,0.04759881,,80.96,84.79,268.5891,8.0729,45.8294,266.57,555.06,54.0554,75.6479,64.9,39.49,71.156,60.3309,9.0401,10.0763,79.63,3.0556,17.3,13.466,10.4,48.2,78.7,0.0769,,15.2313,
Winchester,"3,807.50",159.4,0.041864741,,81.47,85.59,248.5879,12.0404,83.6838,200.77,491.05,55.3672,59.6649,56.8,38.65,76.152,57.3548,13.2513,8.9546,85.1721,4.562,11.2,8.785,7.7,53.5,72.8,,19.42,34.0694,565.6508
Windsor and Maidenhead,"5,320.90",212.7,0.03997444,,81.69,85,271.2149,8.0235,35.7444,168.29,546.09,49.0694,66.1021,70.2,33.91,72.2852,54.2683,5.4965,6.5008,83.0155,2.107,14.7,8.857,7.9,53.6,81.4,,34.54,8.6061,625.1125
Wirral,"7,363.60",286.1,0.038853278,,78.49,82.27,380.1142,8.6504,36.5556,287.98,552.96,47.775,79.568,65.9,44.34,66.0012,65.9924,20.5597,12.4748,59.434,3.8942,20.7,26.892,19.2,47.3,75.9,0.1106,85.47,16.5286,663.1786
Woking,"6,555",189.5,0.02890923,,82.68,84.86,254.844,8.0345,41.2015,106.43,516.88,46.4744,78.9186,72.1,21,70.4223,60.2168,10.9422,7.4298,88.3648,3.7294,16.3,9.875,9.7,50.2,78.9,,34.89,9.2105,529.3621
Wokingham,"4,619.60",177.1,0.038336653,,82.35,85.84,235.4526,6.7793,26.6699,194.85,451.97,56.0386,67.7067,65.3,25.77,75.3057,60.1838,7.5213,5.7584,,3.6461,15.2,5.652,6.4,54.8,80.1,0.2174,16.12,3.0065,534.429
Wolverhampton,"9,094.10",285.9,0.031437965,,77.33,81.87,419.591,9.2086,33.2146,224.69,622.96,55.0978,73.6464,69,22.15,58.0268,67.3395,27.6982,16.0742,66.7925,5.7312,27.2,33.183,26.3,45.1,68.2,2.1608,75.29,5.4589,946.8397
Worcester,"5,774.40",180.8,0.031310612,,79.05,83.14,335.887,10.3786,25.412,141.69,638.89,52.3457,82.7672,53.8,23.85,68.7764,69.7068,21.865,10.9856,69.0476,2.9146,,19.902,16.5,46.4,81.5,2.8344,18.28,16,550.3893
Worthing,"4,636.90",180.9,0.039013134,,79.15,83.08,315.2347,10.7817,46.2152,221.86,624.15,49.4465,78.3995,72.7,38.46,74.825,55.1637,17.7103,10.9315,74.1477,5.1128,15,17.449,12.5,49,81,0.2394,41.98,21.2422,689.7271
Wychavon,"4,774.70",199.3,0.041740842,,81.23,84.79,273.6334,12.9523,47.8553,151.86,572.56,52.5705,75.2797,48.4,62.52,74.7737,63.4386,10.8527,10.9856,69.8225,4.981,,16.001,11.8,47.3,78.6,0.7701,14.76,15.1515,397.925
Wycombe,"5,881.70",,,,,,,,,,503.06,45.7464,,60.4,20.44,73.178,60.3541,9.3317,7.2846,82.2604,,,10.106,10.5,51.2,81.5,0.4768,30.83,,
Wyre,"5,748",322.1,0.056036882,,78.08,82.46,387.9585,13.9926,47.3922,172.54,512.67,49.1289,74.2232,70,41.91,65.0384,68.3838,22.1099,14.7294,68.2418,3.6049,,19.389,15.5,46.4,80.2,,39.58,12.2807,692.106
Wyre Forest,"5,177.20",244.8,0.047284246,,78.79,83.62,342.147,10.1581,41.3709,149.38,475.38,60,82.6002,56.8,17.18,67.5717,69.0702,13.0584,16.2816,58.2326,2.4365,,22.066,18.1,44.6,77.5,0.7475,25.4,21.6407,473.5914
York,"5,670",172,0.030335097,,80.17,83.65,318.0666,11.7661,27.5425,189.92,512.56,56.0664,71.3073,57.2,27.34,75.1617,56.8617,16.129,10.4436,77.1019,3.9077,22.1,12.219,10.3,51.3,80,0.1571,26.1,15.3169,658.0394